/*
SQLyog Ultimate v12.4.1 (64 bit)
MySQL - 5.7.19-log : Database - ry
*********************************************************************
*/

/*!40101 SET NAMES utf8 */;

/*!40101 SET SQL_MODE=''*/;

/*!40014 SET @OLD_UNIQUE_CHECKS=@@UNIQUE_CHECKS, UNIQUE_CHECKS=0 */;
/*!40014 SET @OLD_FOREIGN_KEY_CHECKS=@@FOREIGN_KEY_CHECKS, FOREIGN_KEY_CHECKS=0 */;
/*!40101 SET @OLD_SQL_MODE=@@SQL_MODE, SQL_MODE='NO_AUTO_VALUE_ON_ZERO' */;
/*!40111 SET @OLD_SQL_NOTES=@@SQL_NOTES, SQL_NOTES=0 */;
USE `ry`;

/*Table structure for table `qrtz_blob_triggers` */

DROP TABLE IF EXISTS `qrtz_blob_triggers`;

CREATE TABLE `qrtz_blob_triggers` (
  `sched_name` varchar(120) NOT NULL,
  `trigger_name` varchar(200) NOT NULL,
  `trigger_group` varchar(200) NOT NULL,
  `blob_data` blob,
  PRIMARY KEY (`sched_name`,`trigger_name`,`trigger_group`),
  CONSTRAINT `qrtz_blob_triggers_ibfk_1` FOREIGN KEY (`sched_name`, `trigger_name`, `trigger_group`) REFERENCES `qrtz_triggers` (`sched_name`, `trigger_name`, `trigger_group`)
) ENGINE=InnoDB DEFAULT CHARSET=utf8;

/*Data for the table `qrtz_blob_triggers` */

/*Table structure for table `qrtz_calendars` */

DROP TABLE IF EXISTS `qrtz_calendars`;

CREATE TABLE `qrtz_calendars` (
  `sched_name` varchar(120) NOT NULL,
  `calendar_name` varchar(200) NOT NULL,
  `calendar` blob NOT NULL,
  PRIMARY KEY (`sched_name`,`calendar_name`)
) ENGINE=InnoDB DEFAULT CHARSET=utf8;

/*Data for the table `qrtz_calendars` */

/*Table structure for table `qrtz_cron_triggers` */

DROP TABLE IF EXISTS `qrtz_cron_triggers`;

CREATE TABLE `qrtz_cron_triggers` (
  `sched_name` varchar(120) NOT NULL,
  `trigger_name` varchar(200) NOT NULL,
  `trigger_group` varchar(200) NOT NULL,
  `cron_expression` varchar(200) NOT NULL,
  `time_zone_id` varchar(80) DEFAULT NULL,
  PRIMARY KEY (`sched_name`,`trigger_name`,`trigger_group`),
  CONSTRAINT `qrtz_cron_triggers_ibfk_1` FOREIGN KEY (`sched_name`, `trigger_name`, `trigger_group`) REFERENCES `qrtz_triggers` (`sched_name`, `trigger_name`, `trigger_group`)
) ENGINE=InnoDB DEFAULT CHARSET=utf8;

/*Data for the table `qrtz_cron_triggers` */

insert  into `qrtz_cron_triggers`(`sched_name`,`trigger_name`,`trigger_group`,`cron_expression`,`time_zone_id`) values 
('RuoyiScheduler','__TASK_CLASS_NAME__1','DEFAULT','0/10 * * * * ?','Asia/Shanghai'),
('RuoyiScheduler','__TASK_CLASS_NAME__2','DEFAULT','0/20 * * * * ?','Asia/Shanghai');

/*Table structure for table `qrtz_fired_triggers` */

DROP TABLE IF EXISTS `qrtz_fired_triggers`;

CREATE TABLE `qrtz_fired_triggers` (
  `sched_name` varchar(120) NOT NULL,
  `entry_id` varchar(95) NOT NULL,
  `trigger_name` varchar(200) NOT NULL,
  `trigger_group` varchar(200) NOT NULL,
  `instance_name` varchar(200) NOT NULL,
  `fired_time` bigint(13) NOT NULL,
  `sched_time` bigint(13) NOT NULL,
  `priority` int(11) NOT NULL,
  `state` varchar(16) NOT NULL,
  `job_name` varchar(200) DEFAULT NULL,
  `job_group` varchar(200) DEFAULT NULL,
  `is_nonconcurrent` varchar(1) DEFAULT NULL,
  `requests_recovery` varchar(1) DEFAULT NULL,
  PRIMARY KEY (`sched_name`,`entry_id`)
) ENGINE=InnoDB DEFAULT CHARSET=utf8;

/*Data for the table `qrtz_fired_triggers` */

/*Table structure for table `qrtz_job_details` */

DROP TABLE IF EXISTS `qrtz_job_details`;

CREATE TABLE `qrtz_job_details` (
  `sched_name` varchar(120) NOT NULL,
  `job_name` varchar(200) NOT NULL,
  `job_group` varchar(200) NOT NULL,
  `description` varchar(250) DEFAULT NULL,
  `job_class_name` varchar(250) NOT NULL,
  `is_durable` varchar(1) NOT NULL,
  `is_nonconcurrent` varchar(1) NOT NULL,
  `is_update_data` varchar(1) NOT NULL,
  `requests_recovery` varchar(1) NOT NULL,
  `job_data` blob,
  PRIMARY KEY (`sched_name`,`job_name`,`job_group`)
) ENGINE=InnoDB DEFAULT CHARSET=utf8;

/*Data for the table `qrtz_job_details` */

insert  into `qrtz_job_details`(`sched_name`,`job_name`,`job_group`,`description`,`job_class_name`,`is_durable`,`is_nonconcurrent`,`is_update_data`,`requests_recovery`,`job_data`) values 
('RuoyiScheduler','__TASK_CLASS_NAME__1','DEFAULT',NULL,'com.ruoyi.quartz.util.ScheduleJob','0','0','0','0','¬í\0sr\0org.quartz.JobDataMapŸ°ƒè¿©°Ë\0\0xr\0&org.quartz.utils.StringKeyDirtyFlagMap‚èÃûÅ](\0Z\0allowsTransientDataxr\0org.quartz.utils.DirtyFlagMapæ.­(v\nÎ\0Z\0dirtyL\0mapt\0Ljava/util/Map;xpsr\0java.util.HashMapÚÁÃ`Ñ\0F\0\nloadFactorI\0	thresholdxp?@\0\0\0\0\0w\0\0\0\0\0\0t\0__TASK_PROPERTIES__sr\0com.ruoyi.quartz.domain.SysJob\0\0\0\0\0\0\0\0L\0cronExpressiont\0Ljava/lang/String;L\0jobGroupq\0~\0	L\0jobIdt\0Ljava/lang/Long;L\0jobNameq\0~\0	L\0\nmethodNameq\0~\0	L\0methodParamsq\0~\0	L\0\rmisfirePolicyq\0~\0	L\0statusq\0~\0	xr\0 com.ruoyi.common.base.BaseEntity\0\0\0\0\0\0\0\0L\0createByq\0~\0	L\0\ncreateTimet\0Ljava/util/Date;L\0paramsq\0~\0L\0remarkq\0~\0	L\0searchValueq\0~\0	L\0updateByq\0~\0	L\0\nupdateTimeq\0~\0xpt\0adminsr\0java.util.DatehjKYt\0\0xpw\0\0b,Ş)àxpt\0\0pppt\00/10 * * * * ?t\0ç³»ç»Ÿé»˜è®¤ï¼ˆæ— å‚ï¼‰sr\0java.lang.Long;‹äÌ#ß\0J\0valuexr\0java.lang.Number†¬•”à‹\0\0xp\0\0\0\0\0\0\0t\0ryTaskt\0\nryNoParamst\0\0t\01t\01x\0'),
('RuoyiScheduler','__TASK_CLASS_NAME__2','DEFAULT',NULL,'com.ruoyi.quartz.util.ScheduleJob','0','0','0','0','¬í\0sr\0org.quartz.JobDataMapŸ°ƒè¿©°Ë\0\0xr\0&org.quartz.utils.StringKeyDirtyFlagMap‚èÃûÅ](\0Z\0allowsTransientDataxr\0org.quartz.utils.DirtyFlagMapæ.­(v\nÎ\0Z\0dirtyL\0mapt\0Ljava/util/Map;xpsr\0java.util.HashMapÚÁÃ`Ñ\0F\0\nloadFactorI\0	thresholdxp?@\0\0\0\0\0w\0\0\0\0\0\0t\0__TASK_PROPERTIES__sr\0com.ruoyi.quartz.domain.SysJob\0\0\0\0\0\0\0\0L\0cronExpressiont\0Ljava/lang/String;L\0jobGroupq\0~\0	L\0jobIdt\0Ljava/lang/Long;L\0jobNameq\0~\0	L\0\nmethodNameq\0~\0	L\0methodParamsq\0~\0	L\0\rmisfirePolicyq\0~\0	L\0statusq\0~\0	xr\0 com.ruoyi.common.base.BaseEntity\0\0\0\0\0\0\0\0L\0createByq\0~\0	L\0\ncreateTimet\0Ljava/util/Date;L\0paramsq\0~\0L\0remarkq\0~\0	L\0searchValueq\0~\0	L\0updateByq\0~\0	L\0\nupdateTimeq\0~\0xpt\0adminsr\0java.util.DatehjKYt\0\0xpw\0\0b,Ş)àxpt\0\0pppt\00/20 * * * * ?t\0ç³»ç»Ÿé»˜è®¤ï¼ˆæœ‰å‚ï¼‰sr\0java.lang.Long;‹äÌ#ß\0J\0valuexr\0java.lang.Number†¬•”à‹\0\0xp\0\0\0\0\0\0\0t\0ryTaskt\0ryParamst\0ryt\01t\01x\0');

/*Table structure for table `qrtz_locks` */

DROP TABLE IF EXISTS `qrtz_locks`;

CREATE TABLE `qrtz_locks` (
  `sched_name` varchar(120) NOT NULL,
  `lock_name` varchar(40) NOT NULL,
  PRIMARY KEY (`sched_name`,`lock_name`)
) ENGINE=InnoDB DEFAULT CHARSET=utf8;

/*Data for the table `qrtz_locks` */

insert  into `qrtz_locks`(`sched_name`,`lock_name`) values 
('RuoyiScheduler','STATE_ACCESS'),
('RuoyiScheduler','TRIGGER_ACCESS');

/*Table structure for table `qrtz_paused_trigger_grps` */

DROP TABLE IF EXISTS `qrtz_paused_trigger_grps`;

CREATE TABLE `qrtz_paused_trigger_grps` (
  `sched_name` varchar(120) NOT NULL,
  `trigger_group` varchar(200) NOT NULL,
  PRIMARY KEY (`sched_name`,`trigger_group`)
) ENGINE=InnoDB DEFAULT CHARSET=utf8;

/*Data for the table `qrtz_paused_trigger_grps` */

/*Table structure for table `qrtz_scheduler_state` */

DROP TABLE IF EXISTS `qrtz_scheduler_state`;

CREATE TABLE `qrtz_scheduler_state` (
  `sched_name` varchar(120) NOT NULL,
  `instance_name` varchar(200) NOT NULL,
  `last_checkin_time` bigint(13) NOT NULL,
  `checkin_interval` bigint(13) NOT NULL,
  PRIMARY KEY (`sched_name`,`instance_name`)
) ENGINE=InnoDB DEFAULT CHARSET=utf8;

/*Data for the table `qrtz_scheduler_state` */

insert  into `qrtz_scheduler_state`(`sched_name`,`instance_name`,`last_checkin_time`,`checkin_interval`) values 
('RuoyiScheduler','DESKTOP-RFP222J1542433609413',1542434589961,15000);

/*Table structure for table `qrtz_simple_triggers` */

DROP TABLE IF EXISTS `qrtz_simple_triggers`;

CREATE TABLE `qrtz_simple_triggers` (
  `sched_name` varchar(120) NOT NULL,
  `trigger_name` varchar(200) NOT NULL,
  `trigger_group` varchar(200) NOT NULL,
  `repeat_count` bigint(7) NOT NULL,
  `repeat_interval` bigint(12) NOT NULL,
  `times_triggered` bigint(10) NOT NULL,
  PRIMARY KEY (`sched_name`,`trigger_name`,`trigger_group`),
  CONSTRAINT `qrtz_simple_triggers_ibfk_1` FOREIGN KEY (`sched_name`, `trigger_name`, `trigger_group`) REFERENCES `qrtz_triggers` (`sched_name`, `trigger_name`, `trigger_group`)
) ENGINE=InnoDB DEFAULT CHARSET=utf8;

/*Data for the table `qrtz_simple_triggers` */

/*Table structure for table `qrtz_simprop_triggers` */

DROP TABLE IF EXISTS `qrtz_simprop_triggers`;

CREATE TABLE `qrtz_simprop_triggers` (
  `sched_name` varchar(120) NOT NULL,
  `trigger_name` varchar(200) NOT NULL,
  `trigger_group` varchar(200) NOT NULL,
  `str_prop_1` varchar(512) DEFAULT NULL,
  `str_prop_2` varchar(512) DEFAULT NULL,
  `str_prop_3` varchar(512) DEFAULT NULL,
  `int_prop_1` int(11) DEFAULT NULL,
  `int_prop_2` int(11) DEFAULT NULL,
  `long_prop_1` bigint(20) DEFAULT NULL,
  `long_prop_2` bigint(20) DEFAULT NULL,
  `dec_prop_1` decimal(13,4) DEFAULT NULL,
  `dec_prop_2` decimal(13,4) DEFAULT NULL,
  `bool_prop_1` varchar(1) DEFAULT NULL,
  `bool_prop_2` varchar(1) DEFAULT NULL,
  PRIMARY KEY (`sched_name`,`trigger_name`,`trigger_group`),
  CONSTRAINT `qrtz_simprop_triggers_ibfk_1` FOREIGN KEY (`sched_name`, `trigger_name`, `trigger_group`) REFERENCES `qrtz_triggers` (`sched_name`, `trigger_name`, `trigger_group`)
) ENGINE=InnoDB DEFAULT CHARSET=utf8;

/*Data for the table `qrtz_simprop_triggers` */

/*Table structure for table `qrtz_triggers` */

DROP TABLE IF EXISTS `qrtz_triggers`;

CREATE TABLE `qrtz_triggers` (
  `sched_name` varchar(120) NOT NULL,
  `trigger_name` varchar(200) NOT NULL,
  `trigger_group` varchar(200) NOT NULL,
  `job_name` varchar(200) NOT NULL,
  `job_group` varchar(200) NOT NULL,
  `description` varchar(250) DEFAULT NULL,
  `next_fire_time` bigint(13) DEFAULT NULL,
  `prev_fire_time` bigint(13) DEFAULT NULL,
  `priority` int(11) DEFAULT NULL,
  `trigger_state` varchar(16) NOT NULL,
  `trigger_type` varchar(8) NOT NULL,
  `start_time` bigint(13) NOT NULL,
  `end_time` bigint(13) DEFAULT NULL,
  `calendar_name` varchar(200) DEFAULT NULL,
  `misfire_instr` smallint(2) DEFAULT NULL,
  `job_data` blob,
  PRIMARY KEY (`sched_name`,`trigger_name`,`trigger_group`),
  KEY `sched_name` (`sched_name`,`job_name`,`job_group`),
  CONSTRAINT `qrtz_triggers_ibfk_1` FOREIGN KEY (`sched_name`, `job_name`, `job_group`) REFERENCES `qrtz_job_details` (`sched_name`, `job_name`, `job_group`)
) ENGINE=InnoDB DEFAULT CHARSET=utf8;

/*Data for the table `qrtz_triggers` */

insert  into `qrtz_triggers`(`sched_name`,`trigger_name`,`trigger_group`,`job_name`,`job_group`,`description`,`next_fire_time`,`prev_fire_time`,`priority`,`trigger_state`,`trigger_type`,`start_time`,`end_time`,`calendar_name`,`misfire_instr`,`job_data`) values 
('RuoyiScheduler','__TASK_CLASS_NAME__1','DEFAULT','__TASK_CLASS_NAME__1','DEFAULT',NULL,1541905340000,-1,5,'PAUSED','CRON',1541905336000,0,NULL,-1,'¬í\0sr\0org.quartz.JobDataMapŸ°ƒè¿©°Ë\0\0xr\0&org.quartz.utils.StringKeyDirtyFlagMap‚èÃûÅ](\0Z\0allowsTransientDataxr\0org.quartz.utils.DirtyFlagMapæ.­(v\nÎ\0Z\0dirtyL\0mapt\0Ljava/util/Map;xpsr\0java.util.HashMapÚÁÃ`Ñ\0F\0\nloadFactorI\0	thresholdxp?@\0\0\0\0\0w\0\0\0\0\0\0t\0__TASK_PROPERTIES__sr\0com.ruoyi.quartz.domain.SysJob\0\0\0\0\0\0\0\0L\0cronExpressiont\0Ljava/lang/String;L\0jobGroupq\0~\0	L\0jobIdt\0Ljava/lang/Long;L\0jobNameq\0~\0	L\0\nmethodNameq\0~\0	L\0methodParamsq\0~\0	L\0\rmisfirePolicyq\0~\0	L\0statusq\0~\0	xr\0 com.ruoyi.common.base.BaseEntity\0\0\0\0\0\0\0\0L\0createByq\0~\0	L\0\ncreateTimet\0Ljava/util/Date;L\0paramsq\0~\0L\0remarkq\0~\0	L\0searchValueq\0~\0	L\0updateByq\0~\0	L\0\nupdateTimeq\0~\0xpt\0adminsr\0java.util.DatehjKYt\0\0xpw\0\0b,Ş)àxpt\0\0pppt\00/10 * * * * ?t\0ç³»ç»Ÿé»˜è®¤ï¼ˆæ— å‚ï¼‰sr\0java.lang.Long;‹äÌ#ß\0J\0valuexr\0java.lang.Number†¬•”à‹\0\0xp\0\0\0\0\0\0\0t\0ryTaskt\0\nryNoParamst\0\0t\01t\01x\0'),
('RuoyiScheduler','__TASK_CLASS_NAME__2','DEFAULT','__TASK_CLASS_NAME__2','DEFAULT',NULL,1541905340000,-1,5,'PAUSED','CRON',1541905336000,0,NULL,-1,'¬í\0sr\0org.quartz.JobDataMapŸ°ƒè¿©°Ë\0\0xr\0&org.quartz.utils.StringKeyDirtyFlagMap‚èÃûÅ](\0Z\0allowsTransientDataxr\0org.quartz.utils.DirtyFlagMapæ.­(v\nÎ\0Z\0dirtyL\0mapt\0Ljava/util/Map;xpsr\0java.util.HashMapÚÁÃ`Ñ\0F\0\nloadFactorI\0	thresholdxp?@\0\0\0\0\0w\0\0\0\0\0\0t\0__TASK_PROPERTIES__sr\0com.ruoyi.quartz.domain.SysJob\0\0\0\0\0\0\0\0L\0cronExpressiont\0Ljava/lang/String;L\0jobGroupq\0~\0	L\0jobIdt\0Ljava/lang/Long;L\0jobNameq\0~\0	L\0\nmethodNameq\0~\0	L\0methodParamsq\0~\0	L\0\rmisfirePolicyq\0~\0	L\0statusq\0~\0	xr\0 com.ruoyi.common.base.BaseEntity\0\0\0\0\0\0\0\0L\0createByq\0~\0	L\0\ncreateTimet\0Ljava/util/Date;L\0paramsq\0~\0L\0remarkq\0~\0	L\0searchValueq\0~\0	L\0updateByq\0~\0	L\0\nupdateTimeq\0~\0xpt\0adminsr\0java.util.DatehjKYt\0\0xpw\0\0b,Ş)àxpt\0\0pppt\00/20 * * * * ?t\0ç³»ç»Ÿé»˜è®¤ï¼ˆæœ‰å‚ï¼‰sr\0java.lang.Long;‹äÌ#ß\0J\0valuexr\0java.lang.Number†¬•”à‹\0\0xp\0\0\0\0\0\0\0t\0ryTaskt\0ryParamst\0ryt\01t\01x\0');

/*Table structure for table `sys_config` */

DROP TABLE IF EXISTS `sys_config`;

CREATE TABLE `sys_config` (
  `config_id` int(5) NOT NULL AUTO_INCREMENT COMMENT 'å‚æ•°ä¸»é”®',
  `config_name` varchar(100) DEFAULT '' COMMENT 'å‚æ•°åç§°',
  `config_key` varchar(100) DEFAULT '' COMMENT 'å‚æ•°é”®å',
  `config_value` varchar(100) DEFAULT '' COMMENT 'å‚æ•°é”®å€¼',
  `config_type` char(1) DEFAULT 'N' COMMENT 'ç³»ç»Ÿå†…ç½®ï¼ˆYæ˜¯ Nå¦ï¼‰',
  `create_by` varchar(64) DEFAULT '' COMMENT 'åˆ›å»ºè€…',
  `create_time` datetime DEFAULT NULL COMMENT 'åˆ›å»ºæ—¶é—´',
  `update_by` varchar(64) DEFAULT '' COMMENT 'æ›´æ–°è€…',
  `update_time` datetime DEFAULT NULL COMMENT 'æ›´æ–°æ—¶é—´',
  `remark` varchar(500) DEFAULT '' COMMENT 'å¤‡æ³¨',
  PRIMARY KEY (`config_id`)
) ENGINE=InnoDB AUTO_INCREMENT=3 DEFAULT CHARSET=utf8 COMMENT='å‚æ•°é…ç½®è¡¨';

/*Data for the table `sys_config` */

insert  into `sys_config`(`config_id`,`config_name`,`config_key`,`config_value`,`config_type`,`create_by`,`create_time`,`update_by`,`update_time`,`remark`) values 
(1,'ä¸»æ¡†æ¶é¡µ-é»˜è®¤çš®è‚¤æ ·å¼åç§°','sys.index.skinName','skin-default','Y','admin','2018-03-16 11:33:00','ry','2018-03-16 11:33:00','é»˜è®¤ skin-defaultã€è“è‰² skin-blueã€é»„è‰² skin-yellow'),
(2,'ç”¨æˆ·ç®¡ç†-è´¦å·åˆå§‹å¯†ç ','sys.user.initPassword','123456','Y','admin','2018-03-16 11:33:00','ry','2018-03-16 11:33:00','åˆå§‹åŒ–å¯†ç  123456');

/*Table structure for table `sys_dept` */

DROP TABLE IF EXISTS `sys_dept`;

CREATE TABLE `sys_dept` (
  `dept_id` int(11) NOT NULL AUTO_INCREMENT COMMENT 'éƒ¨é—¨id',
  `parent_id` int(11) DEFAULT '0' COMMENT 'çˆ¶éƒ¨é—¨id',
  `ancestors` varchar(50) DEFAULT '' COMMENT 'ç¥–çº§åˆ—è¡¨',
  `dept_name` varchar(30) DEFAULT '' COMMENT 'éƒ¨é—¨åç§°',
  `order_num` int(4) DEFAULT '0' COMMENT 'æ˜¾ç¤ºé¡ºåº',
  `leader` varchar(20) DEFAULT '' COMMENT 'è´Ÿè´£äºº',
  `phone` varchar(11) DEFAULT '' COMMENT 'è”ç³»ç”µè¯',
  `email` varchar(50) DEFAULT '' COMMENT 'é‚®ç®±',
  `status` char(1) DEFAULT '0' COMMENT 'éƒ¨é—¨çŠ¶æ€ï¼ˆ0æ­£å¸¸ 1åœç”¨ï¼‰',
  `del_flag` char(1) DEFAULT '0' COMMENT 'åˆ é™¤æ ‡å¿—ï¼ˆ0ä»£è¡¨å­˜åœ¨ 2ä»£è¡¨åˆ é™¤ï¼‰',
  `create_by` varchar(64) DEFAULT '' COMMENT 'åˆ›å»ºè€…',
  `create_time` datetime DEFAULT NULL COMMENT 'åˆ›å»ºæ—¶é—´',
  `update_by` varchar(64) DEFAULT '' COMMENT 'æ›´æ–°è€…',
  `update_time` datetime DEFAULT NULL COMMENT 'æ›´æ–°æ—¶é—´',
  PRIMARY KEY (`dept_id`)
) ENGINE=InnoDB AUTO_INCREMENT=201 DEFAULT CHARSET=utf8 COMMENT='éƒ¨é—¨è¡¨';

/*Data for the table `sys_dept` */

insert  into `sys_dept`(`dept_id`,`parent_id`,`ancestors`,`dept_name`,`order_num`,`leader`,`phone`,`email`,`status`,`del_flag`,`create_by`,`create_time`,`update_by`,`update_time`) values 
(100,0,'0','æ±‡ä¸°ç§‘æŠ€',0,'å°A','15888888888','xx@qq.com','0','0','admin','2018-03-16 11:33:00','admin','2018-11-14 21:39:35'),
(101,100,'0,100','æ·±åœ³æ€»å…¬å¸',1,'è‹¥ä¾','15888888888','ry@qq.com','0','0','admin','2018-03-16 11:33:00','ry','2018-03-16 11:33:00'),
(102,100,'0,100','é•¿æ²™åˆ†å…¬å¸',2,'è‹¥ä¾','15888888888','ry@qq.com','0','0','admin','2018-03-16 11:33:00','ry','2018-03-16 11:33:00'),
(103,101,'0,100,101','ç ”å‘éƒ¨é—¨',1,'è‹¥ä¾','15888888888','ry@qq.com','0','0','admin','2018-03-16 11:33:00','ry','2018-03-16 11:33:00'),
(104,101,'0,100,101','å¸‚åœºéƒ¨é—¨',2,'è‹¥ä¾','15888888888','ry@qq.com','0','0','admin','2018-03-16 11:33:00','ry','2018-03-16 11:33:00'),
(105,101,'0,100,101','æµ‹è¯•éƒ¨é—¨',3,'è‹¥ä¾','15888888888','ry@qq.com','0','0','admin','2018-03-16 11:33:00','ry','2018-03-16 11:33:00'),
(106,101,'0,100,101','è´¢åŠ¡éƒ¨é—¨',4,'è‹¥ä¾','15888888888','ry@qq.com','0','0','admin','2018-03-16 11:33:00','ry','2018-03-16 11:33:00'),
(107,101,'0,100,101','è¿ç»´éƒ¨é—¨',5,'è‹¥ä¾','15888888888','ry@qq.com','0','0','admin','2018-03-16 11:33:00','ry','2018-03-16 11:33:00'),
(108,102,'0,100,102','å¸‚åœºéƒ¨é—¨',1,'è‹¥ä¾','15888888888','ry@qq.com','0','0','admin','2018-03-16 11:33:00','ry','2018-03-16 11:33:00'),
(109,102,'0,100,102','è´¢åŠ¡éƒ¨é—¨',2,'è‹¥ä¾','15888888888','ry@qq.com','0','0','admin','2018-03-16 11:33:00','ry','2018-03-16 11:33:00'),
(200,100,'0,100','è¿è¥å•†',99,'','','','0','0','admin','2018-11-11 17:40:58','',NULL);

/*Table structure for table `sys_dict_data` */

DROP TABLE IF EXISTS `sys_dict_data`;

CREATE TABLE `sys_dict_data` (
  `dict_code` int(11) NOT NULL AUTO_INCREMENT COMMENT 'å­—å…¸ç¼–ç ',
  `dict_sort` int(4) DEFAULT '0' COMMENT 'å­—å…¸æ’åº',
  `dict_label` varchar(100) DEFAULT '' COMMENT 'å­—å…¸æ ‡ç­¾',
  `dict_value` varchar(100) DEFAULT '' COMMENT 'å­—å…¸é”®å€¼',
  `dict_type` varchar(100) DEFAULT '' COMMENT 'å­—å…¸ç±»å‹',
  `css_class` varchar(100) DEFAULT '' COMMENT 'æ ·å¼å±æ€§ï¼ˆå…¶ä»–æ ·å¼æ‰©å±•ï¼‰',
  `list_class` varchar(100) DEFAULT '' COMMENT 'è¡¨æ ¼å›æ˜¾æ ·å¼',
  `is_default` char(1) DEFAULT 'N' COMMENT 'æ˜¯å¦é»˜è®¤ï¼ˆYæ˜¯ Nå¦ï¼‰',
  `status` char(1) DEFAULT '0' COMMENT 'çŠ¶æ€ï¼ˆ0æ­£å¸¸ 1åœç”¨ï¼‰',
  `create_by` varchar(64) DEFAULT '' COMMENT 'åˆ›å»ºè€…',
  `create_time` datetime DEFAULT NULL COMMENT 'åˆ›å»ºæ—¶é—´',
  `update_by` varchar(64) DEFAULT '' COMMENT 'æ›´æ–°è€…',
  `update_time` datetime DEFAULT NULL COMMENT 'æ›´æ–°æ—¶é—´',
  `remark` varchar(500) DEFAULT '' COMMENT 'å¤‡æ³¨',
  PRIMARY KEY (`dict_code`)
) ENGINE=InnoDB AUTO_INCREMENT=115 DEFAULT CHARSET=utf8 COMMENT='å­—å…¸æ•°æ®è¡¨';

/*Data for the table `sys_dict_data` */

insert  into `sys_dict_data`(`dict_code`,`dict_sort`,`dict_label`,`dict_value`,`dict_type`,`css_class`,`list_class`,`is_default`,`status`,`create_by`,`create_time`,`update_by`,`update_time`,`remark`) values 
(1,1,'ç”·','0','sys_user_sex','','','Y','0','admin','2018-03-16 11:33:00','ry','2018-03-16 11:33:00','æ€§åˆ«ç”·'),
(2,2,'å¥³','1','sys_user_sex','','','N','0','admin','2018-03-16 11:33:00','ry','2018-03-16 11:33:00','æ€§åˆ«å¥³'),
(3,3,'æœªçŸ¥','2','sys_user_sex','','','N','0','admin','2018-03-16 11:33:00','ry','2018-03-16 11:33:00','æ€§åˆ«æœªçŸ¥'),
(4,1,'æ˜¾ç¤º','0','sys_show_hide','','primary','Y','0','admin','2018-03-16 11:33:00','ry','2018-03-16 11:33:00','æ˜¾ç¤ºèœå•'),
(5,2,'éšè—','1','sys_show_hide','','danger','N','0','admin','2018-03-16 11:33:00','ry','2018-03-16 11:33:00','éšè—èœå•'),
(6,1,'æ­£å¸¸','0','sys_normal_disable','','primary','Y','0','admin','2018-03-16 11:33:00','ry','2018-03-16 11:33:00','æ­£å¸¸çŠ¶æ€'),
(7,2,'åœç”¨','1','sys_normal_disable','','danger','N','0','admin','2018-03-16 11:33:00','ry','2018-03-16 11:33:00','åœç”¨çŠ¶æ€'),
(8,1,'æ­£å¸¸','0','sys_job_status','','primary','Y','0','admin','2018-03-16 11:33:00','ry','2018-03-16 11:33:00','æ­£å¸¸çŠ¶æ€'),
(9,2,'æš‚åœ','1','sys_job_status','','danger','N','0','admin','2018-03-16 11:33:00','ry','2018-03-16 11:33:00','åœç”¨çŠ¶æ€'),
(10,1,'æ˜¯','Y','sys_yes_no','','primary','Y','0','admin','2018-03-16 11:33:00','ry','2018-03-16 11:33:00','ç³»ç»Ÿé»˜è®¤æ˜¯'),
(11,2,'å¦','N','sys_yes_no','','danger','N','0','admin','2018-03-16 11:33:00','ry','2018-03-16 11:33:00','ç³»ç»Ÿé»˜è®¤å¦'),
(12,1,'é€šçŸ¥','1','sys_notice_type','','warning','Y','0','admin','2018-03-16 11:33:00','ry','2018-03-16 11:33:00','é€šçŸ¥'),
(13,2,'å…¬å‘Š','2','sys_notice_type','','success','N','0','admin','2018-03-16 11:33:00','ry','2018-03-16 11:33:00','å…¬å‘Š'),
(14,1,'æ­£å¸¸','0','sys_notice_status','','primary','Y','0','admin','2018-03-16 11:33:00','ry','2018-03-16 11:33:00','æ­£å¸¸çŠ¶æ€'),
(15,2,'å…³é—­','1','sys_notice_status','','danger','N','0','admin','2018-03-16 11:33:00','ry','2018-03-16 11:33:00','å…³é—­çŠ¶æ€'),
(16,1,'æ–°å¢','1','sys_oper_type','','info','N','0','admin','2018-03-16 11:33:00','ry','2018-03-16 11:33:00','æ–°å¢æ“ä½œ'),
(17,2,'ä¿®æ”¹','2','sys_oper_type','','info','N','0','admin','2018-03-16 11:33:00','ry','2018-03-16 11:33:00','ä¿®æ”¹æ“ä½œ'),
(18,3,'åˆ é™¤','3','sys_oper_type','','danger','N','0','admin','2018-03-16 11:33:00','ry','2018-03-16 11:33:00','åˆ é™¤æ“ä½œ'),
(19,4,'æˆæƒ','4','sys_oper_type','','primary','N','0','admin','2018-03-16 11:33:00','ry','2018-03-16 11:33:00','æˆæƒæ“ä½œ'),
(20,5,'å¯¼å‡º','5','sys_oper_type','','warning','N','0','admin','2018-03-16 11:33:00','ry','2018-03-16 11:33:00','å¯¼å‡ºæ“ä½œ'),
(21,6,'å¯¼å…¥','6','sys_oper_type','','warning','N','0','admin','2018-03-16 11:33:00','ry','2018-03-16 11:33:00','å¯¼å…¥æ“ä½œ'),
(22,7,'å¼ºé€€','7','sys_oper_type','','danger','N','0','admin','2018-03-16 11:33:00','ry','2018-03-16 11:33:00','å¼ºé€€æ“ä½œ'),
(23,8,'ç”Ÿæˆä»£ç ','8','sys_oper_type','','warning','N','0','admin','2018-03-16 11:33:00','ry','2018-03-16 11:33:00','ç”Ÿæˆæ“ä½œ'),
(24,8,'æ¸…ç©ºæ•°æ®','9','sys_oper_type','','danger','N','0','admin','2018-03-16 11:33:00','ry','2018-03-16 11:33:00','æ¸…ç©ºæ“ä½œ'),
(25,1,'æˆåŠŸ','0','sys_common_status','','primary','N','0','admin','2018-03-16 11:33:00','ry','2018-03-16 11:33:00','æ­£å¸¸çŠ¶æ€'),
(26,2,'å¤±è´¥','1','sys_common_status','','danger','N','0','admin','2018-03-16 11:33:00','ry','2018-03-16 11:33:00','åœç”¨çŠ¶æ€'),
(100,1,'ç¦ç”¨','0','u_merchant_status','','warning','Y','0','admin','2018-11-13 21:47:04','admin','2018-11-13 21:50:03','ç¦ç”¨çŠ¶æ€'),
(101,2,'æ­£å¸¸','1','u_merchant_status','','primary','Y','0','admin','2018-11-13 21:49:07','',NULL,'æ­£å¸¸çŠ¶æ€'),
(102,3,'æ¬ è´¹','2','u_merchant_status','','danger','Y','0','admin','2018-11-13 21:49:50','',NULL,'æ¬ è´¹çŠ¶æ€'),
(103,1,'å¯ç”¨','1','u_receipt_account_status','','primary','Y','0','admin','2018-11-14 19:41:06','',NULL,''),
(104,2,'ç¦ç”¨','0','u_receipt_account_status','','warning','Y','0','admin','2018-11-14 19:42:05','',NULL,''),
(105,3,'é™é¢','2','u_receipt_account_status','','danger','Y','0','admin','2018-11-14 19:42:35','',NULL,''),
(106,1,'æ”¯ä»˜å®','alipay','u_receipt_account_type','','info','Y','0','admin','2018-11-14 19:50:40','admin','2018-11-14 20:42:55',''),
(107,2,'å¾®ä¿¡','wechat','u_receipt_account_type','','info','Y','0','admin','2018-11-14 19:50:58','admin','2018-11-14 20:42:52',''),
(108,3,'æ”¯ä»˜å®ä¸ªäºº','alipay_sp','u_receipt_account_type','','info','Y','0','admin','2018-11-14 19:51:26','admin','2018-11-14 20:42:59',''),
(109,4,'å¾®ä¿¡ä¸ªäºº','wechat_sp','u_receipt_account_type','','info','Y','0','admin','2018-11-14 19:51:41','admin','2018-11-14 20:43:02',''),
(110,1,'æ”¯ä»˜å®æ‰«ç ','alipay_qr','u_payment_type','','info','Y','0','admin','2018-11-14 19:54:13','admin','2018-11-14 20:42:28',''),
(111,2,'æ”¯ä»˜å®APP','alipay_app','u_payment_type','','info','Y','0','admin','2018-11-14 19:54:30','',NULL,''),
(112,3,'å¾®ä¿¡æ‰«ç ','wechat_qr','u_payment_type','','info','Y','0','admin','2018-11-14 19:54:48','',NULL,''),
(113,4,'å¾®ä¿¡APP','wechat_app','u_payment_type','','info','Y','0','admin','2018-11-14 19:55:07','',NULL,''),
(114,5,'ç‰¹åˆ«å¾®ä¿¡æ‰«ç ','wechat_qr_sp','u_payment_type','','info','Y','0','admin','2018-11-14 19:56:16','',NULL,'');

/*Table structure for table `sys_dict_type` */

DROP TABLE IF EXISTS `sys_dict_type`;

CREATE TABLE `sys_dict_type` (
  `dict_id` int(11) NOT NULL AUTO_INCREMENT COMMENT 'å­—å…¸ä¸»é”®',
  `dict_name` varchar(100) DEFAULT '' COMMENT 'å­—å…¸åç§°',
  `dict_type` varchar(100) DEFAULT '' COMMENT 'å­—å…¸ç±»å‹',
  `status` char(1) DEFAULT '0' COMMENT 'çŠ¶æ€ï¼ˆ0æ­£å¸¸ 1åœç”¨ï¼‰',
  `create_by` varchar(64) DEFAULT '' COMMENT 'åˆ›å»ºè€…',
  `create_time` datetime DEFAULT NULL COMMENT 'åˆ›å»ºæ—¶é—´',
  `update_by` varchar(64) DEFAULT '' COMMENT 'æ›´æ–°è€…',
  `update_time` datetime DEFAULT NULL COMMENT 'æ›´æ–°æ—¶é—´',
  `remark` varchar(500) DEFAULT '' COMMENT 'å¤‡æ³¨',
  PRIMARY KEY (`dict_id`),
  UNIQUE KEY `dict_type` (`dict_type`)
) ENGINE=InnoDB AUTO_INCREMENT=104 DEFAULT CHARSET=utf8 COMMENT='å­—å…¸ç±»å‹è¡¨';

/*Data for the table `sys_dict_type` */

insert  into `sys_dict_type`(`dict_id`,`dict_name`,`dict_type`,`status`,`create_by`,`create_time`,`update_by`,`update_time`,`remark`) values 
(1,'ç”¨æˆ·æ€§åˆ«','sys_user_sex','0','admin','2018-03-16 11:33:00','ry','2018-03-16 11:33:00','ç”¨æˆ·æ€§åˆ«åˆ—è¡¨'),
(2,'èœå•çŠ¶æ€','sys_show_hide','0','admin','2018-03-16 11:33:00','ry','2018-03-16 11:33:00','èœå•çŠ¶æ€åˆ—è¡¨'),
(3,'ç³»ç»Ÿå¼€å…³','sys_normal_disable','0','admin','2018-03-16 11:33:00','ry','2018-03-16 11:33:00','ç³»ç»Ÿå¼€å…³åˆ—è¡¨'),
(4,'ä»»åŠ¡çŠ¶æ€','sys_job_status','0','admin','2018-03-16 11:33:00','ry','2018-03-16 11:33:00','ä»»åŠ¡çŠ¶æ€åˆ—è¡¨'),
(5,'ç³»ç»Ÿæ˜¯å¦','sys_yes_no','0','admin','2018-03-16 11:33:00','ry','2018-03-16 11:33:00','ç³»ç»Ÿæ˜¯å¦åˆ—è¡¨'),
(6,'é€šçŸ¥ç±»å‹','sys_notice_type','0','admin','2018-03-16 11:33:00','ry','2018-03-16 11:33:00','é€šçŸ¥ç±»å‹åˆ—è¡¨'),
(7,'é€šçŸ¥çŠ¶æ€','sys_notice_status','0','admin','2018-03-16 11:33:00','ry','2018-03-16 11:33:00','é€šçŸ¥çŠ¶æ€åˆ—è¡¨'),
(8,'æ“ä½œç±»å‹','sys_oper_type','0','admin','2018-03-16 11:33:00','ry','2018-03-16 11:33:00','æ“ä½œç±»å‹åˆ—è¡¨'),
(9,'ç³»ç»ŸçŠ¶æ€','sys_common_status','0','admin','2018-03-16 11:33:00','ry','2018-03-16 11:33:00','ç™»å½•çŠ¶æ€åˆ—è¡¨'),
(100,'å•†æˆ·çŠ¶æ€','u_merchant_status','0','admin','2018-11-13 21:44:52','',NULL,'å•†æˆ·çŠ¶æ€åˆ—è¡¨'),
(101,'æ”¶æ¬¾è´¦å·çŠ¶æ€','u_receipt_account_status','0','admin','2018-11-14 19:40:08','admin','2018-11-14 19:40:21','æ”¶æ¬¾è´¦å·çŠ¶æ€'),
(102,'æ”¶æ¬¾è´¦å·ç±»å‹','u_receipt_account_type','0','admin','2018-11-14 19:49:08','',NULL,'æ”¶æ¬¾è´¦å·ç±»å‹'),
(103,'æ”¯ä»˜ç±»å‹','u_payment_type','0','admin','2018-11-14 19:53:50','',NULL,'æ”¯ä»˜ç±»å‹');

/*Table structure for table `sys_job` */

DROP TABLE IF EXISTS `sys_job`;

CREATE TABLE `sys_job` (
  `job_id` int(11) NOT NULL AUTO_INCREMENT COMMENT 'ä»»åŠ¡ID',
  `job_name` varchar(64) NOT NULL DEFAULT '' COMMENT 'ä»»åŠ¡åç§°',
  `job_group` varchar(64) NOT NULL DEFAULT '' COMMENT 'ä»»åŠ¡ç»„å',
  `method_name` varchar(500) DEFAULT '' COMMENT 'ä»»åŠ¡æ–¹æ³•',
  `method_params` varchar(200) DEFAULT '' COMMENT 'æ–¹æ³•å‚æ•°',
  `cron_expression` varchar(255) DEFAULT '' COMMENT 'cronæ‰§è¡Œè¡¨è¾¾å¼',
  `misfire_policy` varchar(20) DEFAULT '1' COMMENT 'è®¡åˆ’æ‰§è¡Œé”™è¯¯ç­–ç•¥ï¼ˆ1ç»§ç»­ 2ç­‰å¾… 3æ”¾å¼ƒï¼‰',
  `status` char(1) DEFAULT '0' COMMENT 'çŠ¶æ€ï¼ˆ0æ­£å¸¸ 1æš‚åœï¼‰',
  `create_by` varchar(64) DEFAULT '' COMMENT 'åˆ›å»ºè€…',
  `create_time` datetime DEFAULT NULL COMMENT 'åˆ›å»ºæ—¶é—´',
  `update_by` varchar(64) DEFAULT '' COMMENT 'æ›´æ–°è€…',
  `update_time` datetime DEFAULT NULL COMMENT 'æ›´æ–°æ—¶é—´',
  `remark` varchar(500) DEFAULT '' COMMENT 'å¤‡æ³¨ä¿¡æ¯',
  PRIMARY KEY (`job_id`,`job_name`,`job_group`)
) ENGINE=InnoDB AUTO_INCREMENT=3 DEFAULT CHARSET=utf8 COMMENT='å®šæ—¶ä»»åŠ¡è°ƒåº¦è¡¨';

/*Data for the table `sys_job` */

insert  into `sys_job`(`job_id`,`job_name`,`job_group`,`method_name`,`method_params`,`cron_expression`,`misfire_policy`,`status`,`create_by`,`create_time`,`update_by`,`update_time`,`remark`) values 
(1,'ryTask','ç³»ç»Ÿé»˜è®¤ï¼ˆæ— å‚ï¼‰','ryNoParams','','0/10 * * * * ?','1','1','admin','2018-03-16 11:33:00','ry','2018-03-16 11:33:00',''),
(2,'ryTask','ç³»ç»Ÿé»˜è®¤ï¼ˆæœ‰å‚ï¼‰','ryParams','ry','0/20 * * * * ?','1','1','admin','2018-03-16 11:33:00','ry','2018-03-16 11:33:00','');

/*Table structure for table `sys_job_log` */

DROP TABLE IF EXISTS `sys_job_log`;

CREATE TABLE `sys_job_log` (
  `job_log_id` int(11) NOT NULL AUTO_INCREMENT COMMENT 'ä»»åŠ¡æ—¥å¿—ID',
  `job_name` varchar(64) NOT NULL COMMENT 'ä»»åŠ¡åç§°',
  `job_group` varchar(64) NOT NULL COMMENT 'ä»»åŠ¡ç»„å',
  `method_name` varchar(500) DEFAULT NULL COMMENT 'ä»»åŠ¡æ–¹æ³•',
  `method_params` varchar(200) DEFAULT '' COMMENT 'æ–¹æ³•å‚æ•°',
  `job_message` varchar(500) DEFAULT NULL COMMENT 'æ—¥å¿—ä¿¡æ¯',
  `status` char(1) DEFAULT '0' COMMENT 'æ‰§è¡ŒçŠ¶æ€ï¼ˆ0æ­£å¸¸ 1å¤±è´¥ï¼‰',
  `exception_info` text COMMENT 'å¼‚å¸¸ä¿¡æ¯',
  `create_time` datetime DEFAULT NULL COMMENT 'åˆ›å»ºæ—¶é—´',
  PRIMARY KEY (`job_log_id`)
) ENGINE=InnoDB DEFAULT CHARSET=utf8 COMMENT='å®šæ—¶ä»»åŠ¡è°ƒåº¦æ—¥å¿—è¡¨';

/*Data for the table `sys_job_log` */

/*Table structure for table `sys_logininfor` */

DROP TABLE IF EXISTS `sys_logininfor`;

CREATE TABLE `sys_logininfor` (
  `info_id` int(11) NOT NULL AUTO_INCREMENT COMMENT 'è®¿é—®ID',
  `login_name` varchar(50) DEFAULT '' COMMENT 'ç™»å½•è´¦å·',
  `ipaddr` varchar(50) DEFAULT '' COMMENT 'ç™»å½•IPåœ°å€',
  `login_location` varchar(255) DEFAULT '' COMMENT 'ç™»å½•åœ°ç‚¹',
  `browser` varchar(50) DEFAULT '' COMMENT 'æµè§ˆå™¨ç±»å‹',
  `os` varchar(50) DEFAULT '' COMMENT 'æ“ä½œç³»ç»Ÿ',
  `status` char(1) DEFAULT '0' COMMENT 'ç™»å½•çŠ¶æ€ï¼ˆ0æˆåŠŸ 1å¤±è´¥ï¼‰',
  `msg` varchar(255) DEFAULT '' COMMENT 'æç¤ºæ¶ˆæ¯',
  `login_time` datetime DEFAULT NULL COMMENT 'è®¿é—®æ—¶é—´',
  PRIMARY KEY (`info_id`)
) ENGINE=InnoDB AUTO_INCREMENT=215 DEFAULT CHARSET=utf8 COMMENT='ç³»ç»Ÿè®¿é—®è®°å½•';

/*Data for the table `sys_logininfor` */

insert  into `sys_logininfor`(`info_id`,`login_name`,`ipaddr`,`login_location`,`browser`,`os`,`status`,`msg`,`login_time`) values 
(100,'admin','127.0.0.1','å†…ç½‘IP','Chrome','Windows 10','0','ç™»å½•æˆåŠŸ','2018-11-11 11:03:38'),
(101,'admin','127.0.0.1','å†…ç½‘IP','Chrome','Windows 10','0','é€€å‡ºæˆåŠŸ','2018-11-11 11:05:51'),
(102,'test','127.0.0.1','å†…ç½‘IP','Chrome','Windows 10','0','ç™»å½•æˆåŠŸ','2018-11-11 11:05:58'),
(103,'test','127.0.0.1','å†…ç½‘IP','Chrome','Windows 10','0','é€€å‡ºæˆåŠŸ','2018-11-11 11:06:03'),
(104,'admin','127.0.0.1','å†…ç½‘IP','Chrome','Windows 10','0','ç™»å½•æˆåŠŸ','2018-11-11 11:06:08'),
(105,'admin','127.0.0.1','å†…ç½‘IP','Chrome','Windows 10','1','éªŒè¯ç é”™è¯¯','2018-11-11 16:27:23'),
(106,'admin','127.0.0.1','å†…ç½‘IP','Chrome','Windows 10','0','ç™»å½•æˆåŠŸ','2018-11-11 16:27:27'),
(107,'admin','127.0.0.1','å†…ç½‘IP','Chrome','Windows 10','0','ç™»å½•æˆåŠŸ','2018-11-11 17:34:46'),
(108,'admin','127.0.0.1','å†…ç½‘IP','Chrome','Windows 10','0','ç™»å½•æˆåŠŸ','2018-11-11 21:34:29'),
(109,'admin','127.0.0.1','å†…ç½‘IP','Chrome','Windows 10','0','é€€å‡ºæˆåŠŸ','2018-11-11 22:05:24'),
(110,'admin','127.0.0.1','å†…ç½‘IP','Chrome','Windows 10','0','ç™»å½•æˆåŠŸ','2018-11-11 22:05:27'),
(111,'admin','127.0.0.1','å†…ç½‘IP','Chrome','Windows 10','0','é€€å‡ºæˆåŠŸ','2018-11-11 22:06:29'),
(112,'admin','127.0.0.1','å†…ç½‘IP','Chrome','Windows 10','0','ç™»å½•æˆåŠŸ','2018-11-11 22:06:32'),
(113,'admin','127.0.0.1','å†…ç½‘IP','Chrome','Windows 10','0','é€€å‡ºæˆåŠŸ','2018-11-11 22:07:14'),
(114,'test','127.0.0.1','å†…ç½‘IP','Chrome','Windows 10','0','ç™»å½•æˆåŠŸ','2018-11-11 22:07:22'),
(115,'test','127.0.0.1','å†…ç½‘IP','Chrome','Windows 10','0','é€€å‡ºæˆåŠŸ','2018-11-11 22:07:41'),
(116,'admin','127.0.0.1','å†…ç½‘IP','Chrome','Windows 10','0','ç™»å½•æˆåŠŸ','2018-11-11 22:07:44'),
(117,'admin','127.0.0.1','å†…ç½‘IP','Chrome','Windows 10','0','é€€å‡ºæˆåŠŸ','2018-11-11 22:07:59'),
(118,'test','127.0.0.1','å†…ç½‘IP','Chrome','Windows 10','0','ç™»å½•æˆåŠŸ','2018-11-11 22:08:04'),
(119,'test','127.0.0.1','å†…ç½‘IP','Chrome','Windows 10','0','é€€å‡ºæˆåŠŸ','2018-11-11 22:09:35'),
(120,'admin','127.0.0.1','å†…ç½‘IP','Chrome','Windows 10','0','ç™»å½•æˆåŠŸ','2018-11-11 22:09:39'),
(121,'admin','127.0.0.1','å†…ç½‘IP','Chrome','Windows 10','0','ç™»å½•æˆåŠŸ','2018-11-11 22:59:58'),
(122,'admin','127.0.0.1','å†…ç½‘IP','Chrome','Windows 10','0','ç™»å½•æˆåŠŸ','2018-11-11 23:07:09'),
(123,'admin','127.0.0.1','å†…ç½‘IP','Chrome','Windows 10','0','ç™»å½•æˆåŠŸ','2018-11-11 23:18:09'),
(124,'admin','127.0.0.1','å†…ç½‘IP','Chrome','Windows 10','0','ç™»å½•æˆåŠŸ','2018-11-11 23:38:21'),
(125,'admin','127.0.0.1','å†…ç½‘IP','Chrome','Windows 10','1','éªŒè¯ç é”™è¯¯','2018-11-11 23:40:06'),
(126,'admin','127.0.0.1','å†…ç½‘IP','Chrome','Windows 10','0','ç™»å½•æˆåŠŸ','2018-11-11 23:40:08'),
(127,'admin','127.0.0.1','å†…ç½‘IP','Chrome','Windows 10','0','ç™»å½•æˆåŠŸ','2018-11-12 22:31:09'),
(128,'admin','127.0.0.1','å†…ç½‘IP','Chrome','Windows 10','0','ç™»å½•æˆåŠŸ','2018-11-12 22:45:15'),
(129,'admin','127.0.0.1','å†…ç½‘IP','Chrome','Windows 10','0','ç™»å½•æˆåŠŸ','2018-11-13 19:15:57'),
(130,'admin','127.0.0.1','å†…ç½‘IP','Chrome','Windows 10','0','ç™»å½•æˆåŠŸ','2018-11-13 20:47:24'),
(131,'admin','127.0.0.1','å†…ç½‘IP','Chrome','Windows 10','0','ç™»å½•æˆåŠŸ','2018-11-13 21:35:24'),
(132,'admin','127.0.0.1','å†…ç½‘IP','Chrome','Windows 10','1','éªŒè¯ç é”™è¯¯','2018-11-13 22:05:22'),
(133,'admin','127.0.0.1','å†…ç½‘IP','Chrome','Windows 10','1','éªŒè¯ç é”™è¯¯','2018-11-13 22:05:25'),
(134,'admin','127.0.0.1','å†…ç½‘IP','Chrome','Windows 10','0','ç™»å½•æˆåŠŸ','2018-11-13 22:05:27'),
(135,'admin','127.0.0.1','å†…ç½‘IP','Chrome','Windows 10','0','ç™»å½•æˆåŠŸ','2018-11-13 22:52:32'),
(136,'admin','127.0.0.1','å†…ç½‘IP','Chrome','Windows 10','0','é€€å‡ºæˆåŠŸ','2018-11-13 23:19:14'),
(137,'test','127.0.0.1','å†…ç½‘IP','Chrome','Windows 10','0','ç™»å½•æˆåŠŸ','2018-11-13 23:19:24'),
(138,'test','127.0.0.1','å†…ç½‘IP','Chrome','Windows 10','0','é€€å‡ºæˆåŠŸ','2018-11-13 23:19:43'),
(139,'admin','127.0.0.1','å†…ç½‘IP','Chrome','Windows 10','0','ç™»å½•æˆåŠŸ','2018-11-13 23:19:47'),
(140,'admin','127.0.0.1','å†…ç½‘IP','Chrome','Windows 10','0','ç™»å½•æˆåŠŸ','2018-11-13 23:26:19'),
(141,'admin','127.0.0.1','å†…ç½‘IP','Chrome','Windows 10','0','é€€å‡ºæˆåŠŸ','2018-11-13 23:39:49'),
(142,'om','127.0.0.1','å†…ç½‘IP','Chrome','Windows 10','0','ç™»å½•æˆåŠŸ','2018-11-13 23:39:56'),
(143,'om','127.0.0.1','å†…ç½‘IP','Chrome','Windows 10','0','é€€å‡ºæˆåŠŸ','2018-11-13 23:40:44'),
(144,'test','127.0.0.1','å†…ç½‘IP','Chrome','Windows 10','0','ç™»å½•æˆåŠŸ','2018-11-13 23:40:52'),
(145,'test','127.0.0.1','å†…ç½‘IP','Chrome','Windows 10','0','é€€å‡ºæˆåŠŸ','2018-11-13 23:40:56'),
(146,'om','127.0.0.1','å†…ç½‘IP','Chrome','Windows 10','0','ç™»å½•æˆåŠŸ','2018-11-13 23:41:01'),
(147,'om','127.0.0.1','å†…ç½‘IP','Chrome','Windows 10','0','é€€å‡ºæˆåŠŸ','2018-11-13 23:41:14'),
(148,'test','127.0.0.1','å†…ç½‘IP','Chrome','Windows 10','0','ç™»å½•æˆåŠŸ','2018-11-13 23:41:20'),
(149,'test','127.0.0.1','å†…ç½‘IP','Chrome','Windows 10','0','é€€å‡ºæˆåŠŸ','2018-11-13 23:41:27'),
(150,'admin','127.0.0.1','å†…ç½‘IP','Chrome','Windows 10','0','ç™»å½•æˆåŠŸ','2018-11-13 23:41:30'),
(151,'admin','127.0.0.1','å†…ç½‘IP','Chrome','Windows 10','0','é€€å‡ºæˆåŠŸ','2018-11-13 23:43:59'),
(152,'om','127.0.0.1','å†…ç½‘IP','Chrome','Windows 10','0','ç™»å½•æˆåŠŸ','2018-11-13 23:44:05'),
(153,'om','127.0.0.1','å†…ç½‘IP','Chrome','Windows 10','0','é€€å‡ºæˆåŠŸ','2018-11-13 23:44:08'),
(154,'admin','127.0.0.1','å†…ç½‘IP','Chrome','Windows 10','0','ç™»å½•æˆåŠŸ','2018-11-13 23:44:11'),
(155,'admin','127.0.0.1','å†…ç½‘IP','Chrome','Windows 10','0','é€€å‡ºæˆåŠŸ','2018-11-13 23:45:23'),
(156,'om','127.0.0.1','å†…ç½‘IP','Chrome','Windows 10','0','ç™»å½•æˆåŠŸ','2018-11-13 23:45:27'),
(157,'om','127.0.0.1','å†…ç½‘IP','Chrome','Windows 10','0','é€€å‡ºæˆåŠŸ','2018-11-13 23:46:25'),
(158,'admin','127.0.0.1','å†…ç½‘IP','Chrome','Windows 10','0','ç™»å½•æˆåŠŸ','2018-11-13 23:46:30'),
(159,'admin','127.0.0.1','å†…ç½‘IP','Chrome','Windows 10','0','é€€å‡ºæˆåŠŸ','2018-11-13 23:50:06'),
(160,'system','127.0.0.1','å†…ç½‘IP','Chrome','Windows 10','0','ç™»å½•æˆåŠŸ','2018-11-13 23:50:12'),
(161,'system','127.0.0.1','å†…ç½‘IP','Chrome','Windows 10','0','é€€å‡ºæˆåŠŸ','2018-11-13 23:52:10'),
(162,'admin','127.0.0.1','å†…ç½‘IP','Chrome','Windows 10','0','ç™»å½•æˆåŠŸ','2018-11-13 23:52:12'),
(163,'admin','127.0.0.1','å†…ç½‘IP','Chrome','Windows 10','1','éªŒè¯ç é”™è¯¯','2018-11-14 00:55:56'),
(164,'admin','127.0.0.1','å†…ç½‘IP','Chrome','Windows 10','0','ç™»å½•æˆåŠŸ','2018-11-14 00:55:58'),
(165,'admin','127.0.0.1','å†…ç½‘IP','Chrome','Windows 10','0','ç™»å½•æˆåŠŸ','2018-11-14 19:16:09'),
(166,'admin','127.0.0.1','å†…ç½‘IP','Chrome','Windows 10','0','ç™»å½•æˆåŠŸ','2018-11-14 19:37:10'),
(167,'admin','127.0.0.1','å†…ç½‘IP','Chrome','Windows 10','0','ç™»å½•æˆåŠŸ','2018-11-14 20:09:18'),
(168,'admin','127.0.0.1','å†…ç½‘IP','Chrome','Windows 10','0','ç™»å½•æˆåŠŸ','2018-11-14 20:27:34'),
(169,'admin','127.0.0.1','å†…ç½‘IP','Chrome','Windows 10','0','é€€å‡ºæˆåŠŸ','2018-11-14 21:12:07'),
(170,'system','127.0.0.1','å†…ç½‘IP','Chrome','Windows 10','1','éªŒè¯ç é”™è¯¯','2018-11-14 21:12:13'),
(171,'system','127.0.0.1','å†…ç½‘IP','Chrome','Windows 10','1','éªŒè¯ç é”™è¯¯','2018-11-14 21:12:16'),
(172,'system','127.0.0.1','å†…ç½‘IP','Chrome','Windows 10','0','ç™»å½•æˆåŠŸ','2018-11-14 21:12:17'),
(173,'system','127.0.0.1','å†…ç½‘IP','Chrome','Windows 10','0','é€€å‡ºæˆåŠŸ','2018-11-14 21:12:36'),
(174,'admin','127.0.0.1','å†…ç½‘IP','Chrome','Windows 10','0','ç™»å½•æˆåŠŸ','2018-11-14 21:12:38'),
(175,'admin','127.0.0.1','å†…ç½‘IP','Chrome','Windows 10','0','é€€å‡ºæˆåŠŸ','2018-11-14 21:13:31'),
(176,'system','127.0.0.1','å†…ç½‘IP','Chrome','Windows 10','0','ç™»å½•æˆåŠŸ','2018-11-14 21:13:36'),
(177,'system','127.0.0.1','å†…ç½‘IP','Chrome','Windows 10','0','é€€å‡ºæˆåŠŸ','2018-11-14 21:14:02'),
(178,'admin','127.0.0.1','å†…ç½‘IP','Chrome','Windows 10','0','ç™»å½•æˆåŠŸ','2018-11-14 21:14:04'),
(179,'admin','127.0.0.1','å†…ç½‘IP','Chrome','Windows 10','0','é€€å‡ºæˆåŠŸ','2018-11-14 21:14:18'),
(180,'system','127.0.0.1','å†…ç½‘IP','Chrome','Windows 10','0','ç™»å½•æˆåŠŸ','2018-11-14 21:14:24'),
(181,'system','127.0.0.1','å†…ç½‘IP','Chrome','Windows 10','0','é€€å‡ºæˆåŠŸ','2018-11-14 21:14:49'),
(182,'admin','127.0.0.1','å†…ç½‘IP','Chrome','Windows 10','0','ç™»å½•æˆåŠŸ','2018-11-14 21:14:52'),
(183,'admin','127.0.0.1','å†…ç½‘IP','Chrome','Windows 10','0','é€€å‡ºæˆåŠŸ','2018-11-14 21:15:17'),
(184,'system','127.0.0.1','å†…ç½‘IP','Chrome','Windows 10','1','éªŒè¯ç é”™è¯¯','2018-11-14 21:15:21'),
(185,'system','127.0.0.1','å†…ç½‘IP','Chrome','Windows 10','0','ç™»å½•æˆåŠŸ','2018-11-14 21:15:23'),
(186,'system','127.0.0.1','å†…ç½‘IP','Chrome','Windows 10','0','é€€å‡ºæˆåŠŸ','2018-11-14 21:15:40'),
(187,'admin','127.0.0.1','å†…ç½‘IP','Chrome','Windows 10','0','ç™»å½•æˆåŠŸ','2018-11-14 21:15:43'),
(188,'admin','127.0.0.1','å†…ç½‘IP','Chrome','Windows 10','0','é€€å‡ºæˆåŠŸ','2018-11-14 21:16:26'),
(189,'system','127.0.0.1','å†…ç½‘IP','Chrome','Windows 10','0','ç™»å½•æˆåŠŸ','2018-11-14 21:16:31'),
(190,'admin','127.0.0.1','å†…ç½‘IP','Chrome','Windows 10','0','ç™»å½•æˆåŠŸ','2018-11-14 21:20:40'),
(191,'admin','127.0.0.1','å†…ç½‘IP','Chrome','Windows 10','0','é€€å‡ºæˆåŠŸ','2018-11-14 21:22:42'),
(192,'system','127.0.0.1','å†…ç½‘IP','Chrome','Windows 10','0','ç™»å½•æˆåŠŸ','2018-11-14 21:22:49'),
(193,'system','127.0.0.1','å†…ç½‘IP','Chrome','Windows 10','0','é€€å‡ºæˆåŠŸ','2018-11-14 21:26:06'),
(194,'admin','127.0.0.1','å†…ç½‘IP','Chrome','Windows 10','0','ç™»å½•æˆåŠŸ','2018-11-14 21:26:09'),
(195,'admin','127.0.0.1','å†…ç½‘IP','Chrome','Windows 10','0','é€€å‡ºæˆåŠŸ','2018-11-14 21:38:31'),
(196,'admin','127.0.0.1','å†…ç½‘IP','Chrome','Windows 10','0','ç™»å½•æˆåŠŸ','2018-11-14 21:38:35'),
(197,'admin','127.0.0.1','å†…ç½‘IP','Chrome','Windows 10','0','ç™»å½•æˆåŠŸ','2018-11-14 22:09:02'),
(198,'admin','127.0.0.1','å†…ç½‘IP','Chrome','Windows 10','0','ç™»å½•æˆåŠŸ','2018-11-15 19:06:19'),
(199,'admin','127.0.0.1','å†…ç½‘IP','Chrome','Windows 10','0','ç™»å½•æˆåŠŸ','2018-11-15 20:01:08'),
(200,'admin','127.0.0.1','å†…ç½‘IP','Chrome','Windows 10','0','ç™»å½•æˆåŠŸ','2018-11-15 20:55:20'),
(201,'admin','127.0.0.1','å†…ç½‘IP','Chrome','Windows 10','0','ç™»å½•æˆåŠŸ','2018-11-15 20:58:41'),
(202,'admin','127.0.0.1','å†…ç½‘IP','Chrome','Windows 10','0','ç™»å½•æˆåŠŸ','2018-11-15 21:35:54'),
(203,'admin','127.0.0.1','å†…ç½‘IP','Chrome','Windows 10','0','ç™»å½•æˆåŠŸ','2018-11-15 22:27:22'),
(204,'admin','127.0.0.1','å†…ç½‘IP','Chrome','Windows 10','0','ç™»å½•æˆåŠŸ','2018-11-15 22:56:49'),
(205,'admin','127.0.0.1','å†…ç½‘IP','Chrome','Windows 10','0','ç™»å½•æˆåŠŸ','2018-11-15 23:34:28'),
(206,'admin','127.0.0.1','å†…ç½‘IP','Chrome','Windows 10','0','ç™»å½•æˆåŠŸ','2018-11-15 23:37:23'),
(207,'admin','127.0.0.1','å†…ç½‘IP','Chrome','Windows 10','0','ç™»å½•æˆåŠŸ','2018-11-16 00:25:37'),
(208,'admin','127.0.0.1','å†…ç½‘IP','Chrome','Windows 10','1','éªŒè¯ç é”™è¯¯','2018-11-16 00:34:31'),
(209,'admin','127.0.0.1','å†…ç½‘IP','Chrome','Windows 10','0','ç™»å½•æˆåŠŸ','2018-11-16 00:34:34'),
(210,'admin','127.0.0.1','å†…ç½‘IP','Chrome','Windows 10','0','ç™»å½•æˆåŠŸ','2018-11-16 00:39:31'),
(211,'admin','127.0.0.1','å†…ç½‘IP','Chrome','Windows 10','0','ç™»å½•æˆåŠŸ','2018-11-16 00:51:25'),
(212,'admin','127.0.0.1','å†…ç½‘IP','Chrome','Windows 10','0','ç™»å½•æˆåŠŸ','2018-11-16 00:57:49'),
(213,'admin','127.0.0.1','å†…ç½‘IP','Chrome','Windows 10','0','ç™»å½•æˆåŠŸ','2018-11-16 01:33:24'),
(214,'admin','127.0.0.1','å†…ç½‘IP','Chrome','Windows 10','0','ç™»å½•æˆåŠŸ','2018-11-17 13:47:37');

/*Table structure for table `sys_menu` */

DROP TABLE IF EXISTS `sys_menu`;

CREATE TABLE `sys_menu` (
  `menu_id` int(11) NOT NULL AUTO_INCREMENT COMMENT 'èœå•ID',
  `menu_name` varchar(50) NOT NULL COMMENT 'èœå•åç§°',
  `parent_id` int(11) DEFAULT '0' COMMENT 'çˆ¶èœå•ID',
  `order_num` int(4) DEFAULT '0' COMMENT 'æ˜¾ç¤ºé¡ºåº',
  `url` varchar(200) DEFAULT '#' COMMENT 'è¯·æ±‚åœ°å€',
  `menu_type` char(1) DEFAULT '' COMMENT 'èœå•ç±»å‹ï¼ˆMç›®å½• Cèœå• FæŒ‰é’®ï¼‰',
  `visible` char(1) DEFAULT '0' COMMENT 'èœå•çŠ¶æ€ï¼ˆ0æ˜¾ç¤º 1éšè—ï¼‰',
  `perms` varchar(100) DEFAULT '' COMMENT 'æƒé™æ ‡è¯†',
  `icon` varchar(100) DEFAULT '#' COMMENT 'èœå•å›¾æ ‡',
  `create_by` varchar(64) DEFAULT '' COMMENT 'åˆ›å»ºè€…',
  `create_time` datetime DEFAULT NULL COMMENT 'åˆ›å»ºæ—¶é—´',
  `update_by` varchar(64) DEFAULT '' COMMENT 'æ›´æ–°è€…',
  `update_time` datetime DEFAULT NULL COMMENT 'æ›´æ–°æ—¶é—´',
  `remark` varchar(500) DEFAULT '' COMMENT 'å¤‡æ³¨',
  PRIMARY KEY (`menu_id`)
) ENGINE=InnoDB AUTO_INCREMENT=2026 DEFAULT CHARSET=utf8 COMMENT='èœå•æƒé™è¡¨';

/*Data for the table `sys_menu` */

insert  into `sys_menu`(`menu_id`,`menu_name`,`parent_id`,`order_num`,`url`,`menu_type`,`visible`,`perms`,`icon`,`create_by`,`create_time`,`update_by`,`update_time`,`remark`) values 
(1,'ç³»ç»Ÿç®¡ç†',0,1,'#','M','0','','fa fa-gear','admin','2018-03-16 11:33:00','ry','2018-03-16 11:33:00','ç³»ç»Ÿç®¡ç†ç›®å½•'),
(2,'ç³»ç»Ÿç›‘æ§',0,3,'#','M','0','','fa fa-video-camera','admin','2018-03-16 11:33:00','admin','2018-11-14 21:54:40','ç³»ç»Ÿç›‘æ§ç›®å½•'),
(3,'ç³»ç»Ÿå·¥å…·',0,4,'#','M','0','','fa fa-bars','admin','2018-03-16 11:33:00','admin','2018-11-14 21:54:29','ç³»ç»Ÿå·¥å…·ç›®å½•'),
(100,'ç”¨æˆ·ç®¡ç†',1,1,'/system/user','C','0','system:user:view','#','admin','2018-03-16 11:33:00','ry','2018-03-16 11:33:00','ç”¨æˆ·ç®¡ç†èœå•'),
(101,'è§’è‰²ç®¡ç†',1,2,'/system/role','C','0','system:role:view','#','admin','2018-03-16 11:33:00','ry','2018-03-16 11:33:00','è§’è‰²ç®¡ç†èœå•'),
(102,'èœå•ç®¡ç†',1,3,'/system/menu','C','0','system:menu:view','#','admin','2018-03-16 11:33:00','ry','2018-03-16 11:33:00','èœå•ç®¡ç†èœå•'),
(103,'éƒ¨é—¨ç®¡ç†',1,4,'/system/dept','C','0','system:dept:view','#','admin','2018-03-16 11:33:00','ry','2018-03-16 11:33:00','éƒ¨é—¨ç®¡ç†èœå•'),
(104,'å²—ä½ç®¡ç†',1,5,'/system/post','C','0','system:post:view','#','admin','2018-03-16 11:33:00','ry','2018-03-16 11:33:00','å²—ä½ç®¡ç†èœå•'),
(105,'å­—å…¸ç®¡ç†',1,6,'/system/dict','C','0','system:dict:view','#','admin','2018-03-16 11:33:00','ry','2018-03-16 11:33:00','å­—å…¸ç®¡ç†èœå•'),
(106,'å‚æ•°è®¾ç½®',1,7,'/system/config','C','0','system:config:view','#','admin','2018-03-16 11:33:00','ry','2018-03-16 11:33:00','å‚æ•°è®¾ç½®èœå•'),
(107,'é€šçŸ¥å…¬å‘Š',1,8,'/system/notice','C','0','system:notice:view','#','admin','2018-03-16 11:33:00','ry','2018-03-16 11:33:00','é€šçŸ¥å…¬å‘Šèœå•'),
(108,'æ—¥å¿—ç®¡ç†',1,9,'#','M','0','','#','admin','2018-03-16 11:33:00','ry','2018-03-16 11:33:00','æ—¥å¿—ç®¡ç†èœå•'),
(109,'åœ¨çº¿ç”¨æˆ·',2,1,'/monitor/online','C','0','monitor:online:view','#','admin','2018-03-16 11:33:00','ry','2018-03-16 11:33:00','åœ¨çº¿ç”¨æˆ·èœå•'),
(110,'å®šæ—¶ä»»åŠ¡',2,2,'/monitor/job','C','0','monitor:job:view','#','admin','2018-03-16 11:33:00','ry','2018-03-16 11:33:00','å®šæ—¶ä»»åŠ¡èœå•'),
(111,'æ•°æ®ç›‘æ§',2,3,'/monitor/data','C','0','monitor:data:view','#','admin','2018-03-16 11:33:00','ry','2018-03-16 11:33:00','æ•°æ®ç›‘æ§èœå•'),
(112,'è¡¨å•æ„å»º',3,1,'/tool/build','C','0','tool:build:view','#','admin','2018-03-16 11:33:00','ry','2018-03-16 11:33:00','è¡¨å•æ„å»ºèœå•'),
(113,'ä»£ç ç”Ÿæˆ',3,2,'/tool/gen','C','0','tool:gen:view','#','admin','2018-03-16 11:33:00','ry','2018-03-16 11:33:00','ä»£ç ç”Ÿæˆèœå•'),
(114,'ç³»ç»Ÿæ¥å£',3,3,'/tool/swagger','C','0','tool:swagger:view','#','admin','2018-03-16 11:33:00','ry','2018-03-16 11:33:00','ç³»ç»Ÿæ¥å£èœå•'),
(500,'æ“ä½œæ—¥å¿—',108,1,'/monitor/operlog','C','0','monitor:operlog:view','#','admin','2018-03-16 11:33:00','ry','2018-03-16 11:33:00','æ“ä½œæ—¥å¿—èœå•'),
(501,'ç™»å½•æ—¥å¿—',108,2,'/monitor/logininfor','C','0','monitor:logininfor:view','#','admin','2018-03-16 11:33:00','ry','2018-03-16 11:33:00','ç™»å½•æ—¥å¿—èœå•'),
(1000,'ç”¨æˆ·æŸ¥è¯¢',100,1,'#','F','0','system:user:list','#','admin','2018-03-16 11:33:00','ry','2018-03-16 11:33:00',''),
(1001,'ç”¨æˆ·æ–°å¢',100,2,'#','F','0','system:user:add','#','admin','2018-03-16 11:33:00','ry','2018-03-16 11:33:00',''),
(1002,'ç”¨æˆ·ä¿®æ”¹',100,3,'#','F','0','system:user:edit','#','admin','2018-03-16 11:33:00','ry','2018-03-16 11:33:00',''),
(1003,'ç”¨æˆ·åˆ é™¤',100,4,'#','F','0','system:user:remove','#','admin','2018-03-16 11:33:00','admin','2018-11-13 23:18:35',''),
(1004,'ç”¨æˆ·å¯¼å‡º',100,5,'#','F','0','system:user:export','#','admin','2018-03-16 11:33:00','ry','2018-03-16 11:33:00',''),
(1005,'é‡ç½®å¯†ç ',100,5,'#','F','0','system:user:resetPwd','#','admin','2018-03-16 11:33:00','ry','2018-03-16 11:33:00',''),
(1006,'è§’è‰²æŸ¥è¯¢',101,1,'#','F','0','system:role:list','#','admin','2018-03-16 11:33:00','ry','2018-03-16 11:33:00',''),
(1007,'è§’è‰²æ–°å¢',101,2,'#','F','0','system:role:add','#','admin','2018-03-16 11:33:00','ry','2018-03-16 11:33:00',''),
(1008,'è§’è‰²ä¿®æ”¹',101,3,'#','F','0','system:role:edit','#','admin','2018-03-16 11:33:00','ry','2018-03-16 11:33:00',''),
(1009,'è§’è‰²åˆ é™¤',101,4,'#','F','0','system:role:remove','#','admin','2018-03-16 11:33:00','ry','2018-03-16 11:33:00',''),
(1010,'è§’è‰²å¯¼å‡º',101,4,'#','F','0','system:role:export','#','admin','2018-03-16 11:33:00','ry','2018-03-16 11:33:00',''),
(1011,'èœå•æŸ¥è¯¢',102,1,'#','F','0','system:menu:list','#','admin','2018-03-16 11:33:00','ry','2018-03-16 11:33:00',''),
(1012,'èœå•æ–°å¢',102,2,'#','F','0','system:menu:add','#','admin','2018-03-16 11:33:00','ry','2018-03-16 11:33:00',''),
(1013,'èœå•ä¿®æ”¹',102,3,'#','F','0','system:menu:edit','#','admin','2018-03-16 11:33:00','ry','2018-03-16 11:33:00',''),
(1014,'èœå•åˆ é™¤',102,4,'#','F','0','system:menu:remove','#','admin','2018-03-16 11:33:00','ry','2018-03-16 11:33:00',''),
(1015,'éƒ¨é—¨æŸ¥è¯¢',103,1,'#','F','0','system:dept:list','#','admin','2018-03-16 11:33:00','ry','2018-03-16 11:33:00',''),
(1016,'éƒ¨é—¨æ–°å¢',103,2,'#','F','0','system:dept:add','#','admin','2018-03-16 11:33:00','ry','2018-03-16 11:33:00',''),
(1017,'éƒ¨é—¨ä¿®æ”¹',103,3,'#','F','0','system:dept:edit','#','admin','2018-03-16 11:33:00','ry','2018-03-16 11:33:00',''),
(1018,'éƒ¨é—¨åˆ é™¤',103,4,'#','F','0','system:dept:remove','#','admin','2018-03-16 11:33:00','ry','2018-03-16 11:33:00',''),
(1019,'å²—ä½æŸ¥è¯¢',104,1,'#','F','0','system:post:list','#','admin','2018-03-16 11:33:00','ry','2018-03-16 11:33:00',''),
(1020,'å²—ä½æ–°å¢',104,2,'#','F','0','system:post:add','#','admin','2018-03-16 11:33:00','ry','2018-03-16 11:33:00',''),
(1021,'å²—ä½ä¿®æ”¹',104,3,'#','F','0','system:post:edit','#','admin','2018-03-16 11:33:00','ry','2018-03-16 11:33:00',''),
(1022,'å²—ä½åˆ é™¤',104,4,'#','F','0','system:post:remove','#','admin','2018-03-16 11:33:00','ry','2018-03-16 11:33:00',''),
(1023,'å²—ä½å¯¼å‡º',104,4,'#','F','0','system:post:export','#','admin','2018-03-16 11:33:00','ry','2018-03-16 11:33:00',''),
(1024,'å­—å…¸æŸ¥è¯¢',105,1,'#','F','0','system:dict:list','#','admin','2018-03-16 11:33:00','ry','2018-03-16 11:33:00',''),
(1025,'å­—å…¸æ–°å¢',105,2,'#','F','0','system:dict:add','#','admin','2018-03-16 11:33:00','ry','2018-03-16 11:33:00',''),
(1026,'å­—å…¸ä¿®æ”¹',105,3,'#','F','0','system:dict:edit','#','admin','2018-03-16 11:33:00','ry','2018-03-16 11:33:00',''),
(1027,'å­—å…¸åˆ é™¤',105,4,'#','F','0','system:dict:remove','#','admin','2018-03-16 11:33:00','ry','2018-03-16 11:33:00',''),
(1028,'å­—å…¸å¯¼å‡º',105,4,'#','F','0','system:dict:export','#','admin','2018-03-16 11:33:00','ry','2018-03-16 11:33:00',''),
(1029,'å‚æ•°æŸ¥è¯¢',106,1,'#','F','0','system:config:list','#','admin','2018-03-16 11:33:00','ry','2018-03-16 11:33:00',''),
(1030,'å‚æ•°æ–°å¢',106,2,'#','F','0','system:config:add','#','admin','2018-03-16 11:33:00','ry','2018-03-16 11:33:00',''),
(1031,'å‚æ•°ä¿®æ”¹',106,3,'#','F','0','system:config:edit','#','admin','2018-03-16 11:33:00','ry','2018-03-16 11:33:00',''),
(1032,'å‚æ•°åˆ é™¤',106,4,'#','F','0','system:config:remove','#','admin','2018-03-16 11:33:00','ry','2018-03-16 11:33:00',''),
(1033,'å‚æ•°å¯¼å‡º',106,4,'#','F','0','system:config:export','#','admin','2018-03-16 11:33:00','ry','2018-03-16 11:33:00',''),
(1034,'å…¬å‘ŠæŸ¥è¯¢',107,1,'#','F','0','system:notice:list','#','admin','2018-03-16 11:33:00','ry','2018-03-16 11:33:00',''),
(1035,'å…¬å‘Šæ–°å¢',107,2,'#','F','0','system:notice:add','#','admin','2018-03-16 11:33:00','ry','2018-03-16 11:33:00',''),
(1036,'å…¬å‘Šä¿®æ”¹',107,3,'#','F','0','system:notice:edit','#','admin','2018-03-16 11:33:00','ry','2018-03-16 11:33:00',''),
(1037,'å…¬å‘Šåˆ é™¤',107,4,'#','F','0','system:notice:remove','#','admin','2018-03-16 11:33:00','ry','2018-03-16 11:33:00',''),
(1038,'æ“ä½œæŸ¥è¯¢',500,1,'#','F','0','monitor:operlog:list','#','admin','2018-03-16 11:33:00','ry','2018-03-16 11:33:00',''),
(1039,'æ“ä½œåˆ é™¤',500,2,'#','F','0','monitor:operlog:remove','#','admin','2018-03-16 11:33:00','ry','2018-03-16 11:33:00',''),
(1040,'è¯¦ç»†ä¿¡æ¯',500,3,'#','F','0','monitor:operlog:detail','#','admin','2018-03-16 11:33:00','ry','2018-03-16 11:33:00',''),
(1041,'æ—¥å¿—å¯¼å‡º',500,3,'#','F','0','monitor:operlog:export','#','admin','2018-03-16 11:33:00','ry','2018-03-16 11:33:00',''),
(1042,'ç™»å½•æŸ¥è¯¢',501,1,'#','F','0','monitor:logininfor:list','#','admin','2018-03-16 11:33:00','ry','2018-03-16 11:33:00',''),
(1043,'ç™»å½•åˆ é™¤',501,2,'#','F','0','monitor:logininfor:remove','#','admin','2018-03-16 11:33:00','ry','2018-03-16 11:33:00',''),
(1044,'æ—¥å¿—å¯¼å‡º',501,2,'#','F','0','monitor:logininfor:export','#','admin','2018-03-16 11:33:00','ry','2018-03-16 11:33:00',''),
(1045,'åœ¨çº¿æŸ¥è¯¢',109,1,'#','F','0','monitor:online:list','#','admin','2018-03-16 11:33:00','ry','2018-03-16 11:33:00',''),
(1046,'æ‰¹é‡å¼ºé€€',109,2,'#','F','0','monitor:online:batchForceLogout','#','admin','2018-03-16 11:33:00','ry','2018-03-16 11:33:00',''),
(1047,'å•æ¡å¼ºé€€',109,3,'#','F','0','monitor:online:forceLogout','#','admin','2018-03-16 11:33:00','ry','2018-03-16 11:33:00',''),
(1048,'ä»»åŠ¡æŸ¥è¯¢',110,1,'#','F','0','monitor:job:list','#','admin','2018-03-16 11:33:00','ry','2018-03-16 11:33:00',''),
(1049,'ä»»åŠ¡æ–°å¢',110,2,'#','F','0','monitor:job:add','#','admin','2018-03-16 11:33:00','ry','2018-03-16 11:33:00',''),
(1050,'ä»»åŠ¡ä¿®æ”¹',110,3,'#','F','0','monitor:job:edit','#','admin','2018-03-16 11:33:00','ry','2018-03-16 11:33:00',''),
(1051,'ä»»åŠ¡åˆ é™¤',110,4,'#','F','0','monitor:job:remove','#','admin','2018-03-16 11:33:00','ry','2018-03-16 11:33:00',''),
(1052,'çŠ¶æ€ä¿®æ”¹',110,5,'#','F','0','monitor:job:changeStatus','#','admin','2018-03-16 11:33:00','ry','2018-03-16 11:33:00',''),
(1053,'ä»»åŠ¡å¯¼å‡º',110,5,'#','F','0','monitor:job:export','#','admin','2018-03-16 11:33:00','ry','2018-03-16 11:33:00',''),
(1054,'ç”ŸæˆæŸ¥è¯¢',113,1,'#','F','0','tool:gen:list','#','admin','2018-03-16 11:33:00','ry','2018-03-16 11:33:00',''),
(1055,'ç”Ÿæˆä»£ç ',113,2,'#','F','0','tool:gen:code','#','admin','2018-03-16 11:33:00','ry','2018-03-16 11:33:00',''),
(2005,'å•†æˆ·ä¿¡æ¯',2020,1,'/om/merchantInfo','C','0','om:merchantInfo:view','#','admin','2018-03-01 00:00:00','admin','2018-11-14 21:59:19','å•†æˆ·èœå•'),
(2006,'å•†æˆ·æŸ¥è¯¢',2005,1,'#','F','0','om:merchantInfo:list','#','admin','2018-03-01 00:00:00','admin','2018-11-14 21:59:36',''),
(2007,'å•†æˆ·æ–°å¢',2005,2,'#','F','0','om:merchantInfo:add','#','admin','2018-03-01 00:00:00','admin','2018-11-11 23:23:02',''),
(2008,'å•†æˆ·ä¿®æ”¹',2005,3,'#','F','0','om:merchantInfo:edit','#','admin','2018-03-01 00:00:00','admin','2018-11-11 23:23:11',''),
(2009,'å•†æˆ·åˆ é™¤',2005,4,'#','F','0','om:merchantInfo:remove','#','admin','2018-03-01 00:00:00','admin','2018-11-11 23:23:20',''),
(2010,'æ”¶æ¬¾è´¦å·',2020,2,'/om/receiptAccounts','C','0','om:receiptAccounts:view','#','admin','2018-03-01 00:00:00','admin','2018-11-14 21:55:26','æ”¶æ¬¾è´¦å·èœå•'),
(2011,'æ”¶æ¬¾è´¦å·æŸ¥è¯¢',2010,1,'#','F','0','om:receiptAccounts:list','#','admin','2018-03-01 00:00:00','ry','2018-03-01 00:00:00',''),
(2012,'æ”¶æ¬¾è´¦å·æ–°å¢',2010,2,'#','F','0','om:receiptAccounts:add','#','admin','2018-03-01 00:00:00','ry','2018-03-01 00:00:00',''),
(2013,'æ”¶æ¬¾è´¦å·ä¿®æ”¹',2010,3,'#','F','0','om:receiptAccounts:edit','#','admin','2018-03-01 00:00:00','ry','2018-03-01 00:00:00',''),
(2014,'æ”¶æ¬¾è´¦å·åˆ é™¤',2010,4,'#','F','0','om:receiptAccounts:remove','#','admin','2018-03-01 00:00:00','ry','2018-03-01 00:00:00',''),
(2020,'è¿è¥ç®¡ç†',0,2,'#','M','0','','fa fa-balance-scale','admin','2018-11-14 21:54:16','',NULL,''),
(2021,'æ”¶æ¬¾è§„åˆ™',2020,3,'/om/merchantReceipts','C','0','om:merchantReceipts:view','#','admin','2018-03-01 00:00:00','admin','2018-11-14 21:57:45','æ”¶æ¬¾è´¦å·è§„åˆ™èœå•'),
(2022,'æ”¶æ¬¾è§„åˆ™æŸ¥è¯¢',2021,1,'#','F','0','om:merchantReceipts:list','#','admin','2018-03-01 00:00:00','admin','2018-11-14 22:13:55',''),
(2023,'æ”¶æ¬¾è§„åˆ™æ–°å¢',2021,2,'#','F','0','om:merchantReceipts:add','#','admin','2018-03-01 00:00:00','admin','2018-11-14 22:14:03',''),
(2024,'æ”¶æ¬¾è§„åˆ™ä¿®æ”¹',2021,3,'#','F','0','om:merchantReceipts:edit','#','admin','2018-03-01 00:00:00','admin','2018-11-14 22:14:09',''),
(2025,'æ”¶æ¬¾è§„åˆ™åˆ é™¤',2021,4,'#','F','0','om:merchantReceipts:remove','#','admin','2018-03-01 00:00:00','admin','2018-11-14 22:14:16','');

/*Table structure for table `sys_notice` */

DROP TABLE IF EXISTS `sys_notice`;

CREATE TABLE `sys_notice` (
  `notice_id` int(4) NOT NULL AUTO_INCREMENT COMMENT 'å…¬å‘ŠID',
  `notice_title` varchar(50) NOT NULL COMMENT 'å…¬å‘Šæ ‡é¢˜',
  `notice_type` char(2) NOT NULL COMMENT 'å…¬å‘Šç±»å‹ï¼ˆ1é€šçŸ¥ 2å…¬å‘Šï¼‰',
  `notice_content` varchar(500) NOT NULL COMMENT 'å…¬å‘Šå†…å®¹',
  `status` char(1) DEFAULT '0' COMMENT 'å…¬å‘ŠçŠ¶æ€ï¼ˆ0æ­£å¸¸ 1å…³é—­ï¼‰',
  `create_by` varchar(64) DEFAULT '' COMMENT 'åˆ›å»ºè€…',
  `create_time` datetime DEFAULT NULL COMMENT 'åˆ›å»ºæ—¶é—´',
  `update_by` varchar(64) DEFAULT '' COMMENT 'æ›´æ–°è€…',
  `update_time` datetime DEFAULT NULL COMMENT 'æ›´æ–°æ—¶é—´',
  `remark` varchar(255) DEFAULT '' COMMENT 'å¤‡æ³¨',
  PRIMARY KEY (`notice_id`)
) ENGINE=InnoDB AUTO_INCREMENT=3 DEFAULT CHARSET=utf8 COMMENT='é€šçŸ¥å…¬å‘Šè¡¨';

/*Data for the table `sys_notice` */

insert  into `sys_notice`(`notice_id`,`notice_title`,`notice_type`,`notice_content`,`status`,`create_by`,`create_time`,`update_by`,`update_time`,`remark`) values 
(1,'æ¸©é¦¨æé†’ï¼š2018-07-01 æ±‡ä¸°ç§‘æŠ€æ–°ç‰ˆæœ¬å‘å¸ƒå•¦','2','æ–°ç‰ˆæœ¬å†…å®¹','0','admin','2018-03-16 11:33:00','admin','2018-11-14 21:40:15','ç®¡ç†å‘˜'),
(2,'ç»´æŠ¤é€šçŸ¥ï¼š2018-07-01 æ±‡ä¸°ç§‘æŠ€ç³»ç»Ÿå‡Œæ™¨ç»´æŠ¤','1','ç»´æŠ¤å†…å®¹','0','admin','2018-03-16 11:33:00','admin','2018-11-14 21:40:24','ç®¡ç†å‘˜');

/*Table structure for table `sys_oper_log` */

DROP TABLE IF EXISTS `sys_oper_log`;

CREATE TABLE `sys_oper_log` (
  `oper_id` int(11) NOT NULL AUTO_INCREMENT COMMENT 'æ—¥å¿—ä¸»é”®',
  `title` varchar(50) DEFAULT '' COMMENT 'æ¨¡å—æ ‡é¢˜',
  `business_type` int(2) DEFAULT '0' COMMENT 'ä¸šåŠ¡ç±»å‹ï¼ˆ0å…¶å®ƒ 1æ–°å¢ 2ä¿®æ”¹ 3åˆ é™¤ï¼‰',
  `method` varchar(100) DEFAULT '' COMMENT 'æ–¹æ³•åç§°',
  `operator_type` int(1) DEFAULT '0' COMMENT 'æ“ä½œç±»åˆ«ï¼ˆ0å…¶å®ƒ 1åå°ç”¨æˆ· 2æ‰‹æœºç«¯ç”¨æˆ·ï¼‰',
  `oper_name` varchar(50) DEFAULT '' COMMENT 'æ“ä½œäººå‘˜',
  `dept_name` varchar(50) DEFAULT '' COMMENT 'éƒ¨é—¨åç§°',
  `oper_url` varchar(255) DEFAULT '' COMMENT 'è¯·æ±‚URL',
  `oper_ip` varchar(30) DEFAULT '' COMMENT 'ä¸»æœºåœ°å€',
  `oper_location` varchar(255) DEFAULT '' COMMENT 'æ“ä½œåœ°ç‚¹',
  `oper_param` varchar(255) DEFAULT '' COMMENT 'è¯·æ±‚å‚æ•°',
  `status` int(1) DEFAULT '0' COMMENT 'æ“ä½œçŠ¶æ€ï¼ˆ0æ­£å¸¸ 1å¼‚å¸¸ï¼‰',
  `error_msg` varchar(2000) DEFAULT '' COMMENT 'é”™è¯¯æ¶ˆæ¯',
  `oper_time` datetime DEFAULT NULL COMMENT 'æ“ä½œæ—¶é—´',
  PRIMARY KEY (`oper_id`)
) ENGINE=InnoDB AUTO_INCREMENT=281 DEFAULT CHARSET=utf8 COMMENT='æ“ä½œæ—¥å¿—è®°å½•';

/*Data for the table `sys_oper_log` */

insert  into `sys_oper_log`(`oper_id`,`title`,`business_type`,`method`,`operator_type`,`oper_name`,`dept_name`,`oper_url`,`oper_ip`,`oper_location`,`oper_param`,`status`,`error_msg`,`oper_time`) values 
(100,'ç”¨æˆ·ç®¡ç†',1,'com.ruoyi.web.controller.system.SysUserController.addSave()',1,'admin','ç ”å‘éƒ¨é—¨','/system/user/add','127.0.0.1','å†…ç½‘IP','{\r\n  \"deptId\" : [ \"106\" ],\r\n  \"loginName\" : [ \"test\" ],\r\n  \"userName\" : [ \"test\" ],\r\n  \"password\" : [ \"111111\" ],\r\n  \"email\" : [ \"test@1.1\" ],\r\n  \"phonenumber\" : [ \"13666666666\" ],\r\n  \"sex\" : [ \"0\" ],\r\n  \"status\" : [ \"0\" ],\r\n  \"roleIds\" : [ \"2\" ],\r\n  \"pos',0,NULL,'2018-11-11 11:04:47'),
(101,'è§’è‰²ç®¡ç†',1,'com.ruoyi.web.controller.system.SysRoleController.addSave()',1,'admin','ç ”å‘éƒ¨é—¨','/system/role/add','127.0.0.1','å†…ç½‘IP','{\r\n  \"roleName\" : [ \"test\" ],\r\n  \"roleKey\" : [ \"test\" ],\r\n  \"roleSort\" : [ \"3\" ],\r\n  \"status\" : [ \"0\" ],\r\n  \"remark\" : [ \"\" ],\r\n  \"menuIds\" : [ \"2,109,1045,1046,1047,110,1048,1049,1050,1051,1052,1053,111\" ]\r\n}',0,NULL,'2018-11-11 11:05:35'),
(102,'ç”¨æˆ·ç®¡ç†',2,'com.ruoyi.web.controller.system.SysUserController.editSave()',1,'admin','ç ”å‘éƒ¨é—¨','/system/user/edit','127.0.0.1','å†…ç½‘IP','{\r\n  \"userId\" : [ \"100\" ],\r\n  \"deptId\" : [ \"106\" ],\r\n  \"userName\" : [ \"test\" ],\r\n  \"email\" : [ \"test@1.1\" ],\r\n  \"phonenumber\" : [ \"13666666666\" ],\r\n  \"sex\" : [ \"0\" ],\r\n  \"status\" : [ \"0\" ],\r\n  \"roleIds\" : [ \"100\" ],\r\n  \"postIds\" : [ \"4\" ]\r\n}',0,NULL,'2018-11-11 11:05:47'),
(103,'éƒ¨é—¨ç®¡ç†',1,'com.ruoyi.web.controller.system.SysDeptController.addSave()',1,'admin','ç ”å‘éƒ¨é—¨','/system/dept/add','127.0.0.1','å†…ç½‘IP','{\r\n  \"parentId\" : [ \"100\" ],\r\n  \"deptName\" : [ \"è¿è¥å•†\" ],\r\n  \"orderNum\" : [ \"99\" ],\r\n  \"leader\" : [ \"\" ],\r\n  \"phone\" : [ \"\" ],\r\n  \"email\" : [ \"\" ],\r\n  \"status\" : [ \"0\" ]\r\n}',0,NULL,'2018-11-11 17:40:58'),
(104,'ç”¨æˆ·ç®¡ç†',2,'com.ruoyi.web.controller.system.SysUserController.editSave()',1,'admin','ç ”å‘éƒ¨é—¨','/system/user/edit','127.0.0.1','å†…ç½‘IP','{\r\n  \"userId\" : [ \"100\" ],\r\n  \"deptId\" : [ \"200\" ],\r\n  \"userName\" : [ \"test\" ],\r\n  \"email\" : [ \"test@1.1\" ],\r\n  \"phonenumber\" : [ \"13666666666\" ],\r\n  \"sex\" : [ \"0\" ],\r\n  \"status\" : [ \"0\" ],\r\n  \"roleIds\" : [ \"100\" ],\r\n  \"postIds\" : [ \"4\" ]\r\n}',0,NULL,'2018-11-11 17:41:35'),
(105,'è§’è‰²ç®¡ç†',2,'com.ruoyi.web.controller.system.SysRoleController.editSave()',1,'admin','ç ”å‘éƒ¨é—¨','/system/role/edit','127.0.0.1','å†…ç½‘IP','{\r\n  \"roleId\" : [ \"100\" ],\r\n  \"roleName\" : [ \"è¿è¥å•†\" ],\r\n  \"roleKey\" : [ \"merchant\" ],\r\n  \"roleSort\" : [ \"3\" ],\r\n  \"status\" : [ \"0\" ],\r\n  \"remark\" : [ \"\" ],\r\n  \"menuIds\" : [ \"2,109,1045,1046,1047,110,1048,1049,1050,1051,1052,1053,111\" ]\r\n}',0,NULL,'2018-11-11 17:42:10'),
(106,'å²—ä½ç®¡ç†',1,'com.ruoyi.web.controller.system.SysPostController.addSave()',1,'admin','ç ”å‘éƒ¨é—¨','/system/post/add','127.0.0.1','å†…ç½‘IP','{\r\n  \"postName\" : [ \"å¤–éƒ¨è”ç³»äºº\" ],\r\n  \"postCode\" : [ \"merchant\" ],\r\n  \"postSort\" : [ \"99\" ],\r\n  \"status\" : [ \"0\" ],\r\n  \"remark\" : [ \"\" ]\r\n}',0,NULL,'2018-11-11 17:43:06'),
(107,'ç”¨æˆ·ç®¡ç†',2,'com.ruoyi.web.controller.system.SysUserController.editSave()',1,'admin','ç ”å‘éƒ¨é—¨','/system/user/edit','127.0.0.1','å†…ç½‘IP','{\r\n  \"userId\" : [ \"100\" ],\r\n  \"deptId\" : [ \"200\" ],\r\n  \"userName\" : [ \"test\" ],\r\n  \"email\" : [ \"test@1.1\" ],\r\n  \"phonenumber\" : [ \"13666666666\" ],\r\n  \"sex\" : [ \"0\" ],\r\n  \"status\" : [ \"0\" ],\r\n  \"roleIds\" : [ \"100\" ],\r\n  \"postIds\" : [ \"5\" ]\r\n}',0,NULL,'2018-11-11 17:43:20'),
(108,'è§’è‰²ç®¡ç†',2,'com.ruoyi.web.controller.system.SysRoleController.editSave()',1,'admin','ç ”å‘éƒ¨é—¨','/system/role/edit','127.0.0.1','å†…ç½‘IP','{\r\n  \"roleId\" : [ \"1\" ],\r\n  \"roleName\" : [ \"ç®¡ç†å‘˜\" ],\r\n  \"roleKey\" : [ \"admin\" ],\r\n  \"roleSort\" : [ \"1\" ],\r\n  \"status\" : [ \"0\" ],\r\n  \"remark\" : [ \"ç®¡ç†å‘˜\" ],\r\n  \"menuIds\" : [ \"1,100,1000,1001,1002,1003,1004,1005,101,1006,1007,1008,1009,1010,102,1011,1012,1013,',0,NULL,'2018-11-11 22:05:15'),
(109,'åœ¨çº¿ç”¨æˆ·',7,'com.ruoyi.web.controller.monitor.SysUserOnlineController.batchForceLogout()',1,'admin','ç ”å‘éƒ¨é—¨','/monitor/online/batchForceLogout','127.0.0.1','å†…ç½‘IP','{\r\n  \"ids[]\" : [ \"a3ee9207-1ce6-4bde-8f4b-ba3615476093\" ]\r\n}',0,NULL,'2018-11-11 22:05:46'),
(110,'è§’è‰²ç®¡ç†',2,'com.ruoyi.web.controller.system.SysRoleController.editSave()',1,'admin','ç ”å‘éƒ¨é—¨','/system/role/edit','127.0.0.1','å†…ç½‘IP','{\r\n  \"roleId\" : [ \"1\" ],\r\n  \"roleName\" : [ \"ç®¡ç†å‘˜\" ],\r\n  \"roleKey\" : [ \"admin\" ],\r\n  \"roleSort\" : [ \"1\" ],\r\n  \"status\" : [ \"0\" ],\r\n  \"remark\" : [ \"ç®¡ç†å‘˜\" ],\r\n  \"menuIds\" : [ \"1,100,1000,1001,1002,1003,1004,1005,101,1006,1007,1008,1009,1010,102,1011,1012,1013,',0,NULL,'2018-11-11 22:06:14'),
(111,'è§’è‰²ç®¡ç†',2,'com.ruoyi.web.controller.system.SysRoleController.editSave()',1,'admin','ç ”å‘éƒ¨é—¨','/system/role/edit','127.0.0.1','å†…ç½‘IP','{\r\n  \"roleId\" : [ \"1\" ],\r\n  \"roleName\" : [ \"ç®¡ç†å‘˜\" ],\r\n  \"roleKey\" : [ \"admin\" ],\r\n  \"roleSort\" : [ \"1\" ],\r\n  \"status\" : [ \"0\" ],\r\n  \"remark\" : [ \"ç®¡ç†å‘˜\" ],\r\n  \"menuIds\" : [ \"\" ]\r\n}',0,NULL,'2018-11-11 22:06:27'),
(112,'ç”¨æˆ·ç®¡ç†',2,'com.ruoyi.web.controller.system.SysUserController.editSave()',1,'admin','ç ”å‘éƒ¨é—¨','/system/user/edit','127.0.0.1','å†…ç½‘IP','{\r\n  \"userId\" : [ \"1\" ],\r\n  \"deptId\" : [ \"103\" ],\r\n  \"userName\" : [ \"è‹¥ä¾\" ],\r\n  \"email\" : [ \"ry@163.com\" ],\r\n  \"phonenumber\" : [ \"15888888888\" ],\r\n  \"sex\" : [ \"1\" ],\r\n  \"status\" : [ \"0\" ],\r\n  \"roleIds\" : [ \"1\" ],\r\n  \"postIds\" : [ \"1\" ]\r\n}',0,NULL,'2018-11-11 22:06:45'),
(113,'è§’è‰²ç®¡ç†',2,'com.ruoyi.web.controller.system.SysRoleController.editSave()',1,'admin','ç ”å‘éƒ¨é—¨','/system/role/edit','127.0.0.1','å†…ç½‘IP','{\r\n  \"roleId\" : [ \"100\" ],\r\n  \"roleName\" : [ \"è¿è¥å•†\" ],\r\n  \"roleKey\" : [ \"merchant\" ],\r\n  \"roleSort\" : [ \"3\" ],\r\n  \"status\" : [ \"0\" ],\r\n  \"remark\" : [ \"\" ],\r\n  \"menuIds\" : [ \"1,100,1000,1001,1002,1004,1005,2,109,1045,1046,1047,110,1048,1049,1050,1051,1052,1',0,NULL,'2018-11-11 22:07:12'),
(114,'è§’è‰²ç®¡ç†',2,'com.ruoyi.web.controller.system.SysRoleController.ruleSave()',1,'admin','ç ”å‘éƒ¨é—¨','/system/role/rule','127.0.0.1','å†…ç½‘IP','{\r\n  \"roleId\" : [ \"100\" ],\r\n  \"roleName\" : [ \"è¿è¥å•†\" ],\r\n  \"roleKey\" : [ \"merchant\" ],\r\n  \"dataScope\" : [ \"2\" ],\r\n  \"deptIds\" : [ \"100,200\" ]\r\n}',0,NULL,'2018-11-11 22:07:56'),
(115,'è§’è‰²ç®¡ç†',2,'com.ruoyi.web.controller.system.SysRoleController.ruleSave()',1,'admin','ç ”å‘éƒ¨é—¨','/system/role/rule','127.0.0.1','å†…ç½‘IP','{\r\n  \"roleId\" : [ \"100\" ],\r\n  \"roleName\" : [ \"è¿è¥å•†\" ],\r\n  \"roleKey\" : [ \"merchant\" ],\r\n  \"dataScope\" : [ \"1\" ],\r\n  \"deptIds\" : [ \"\" ]\r\n}',0,NULL,'2018-11-11 22:09:52'),
(116,'è§’è‰²ç®¡ç†',2,'com.ruoyi.web.controller.system.SysRoleController.editSave()',1,'admin','ç ”å‘éƒ¨é—¨','/system/role/edit','127.0.0.1','å†…ç½‘IP','{\r\n  \"roleId\" : [ \"100\" ],\r\n  \"roleName\" : [ \"è¿è¥å•†\" ],\r\n  \"roleKey\" : [ \"merchant\" ],\r\n  \"roleSort\" : [ \"3\" ],\r\n  \"status\" : [ \"0\" ],\r\n  \"remark\" : [ \"\" ],\r\n  \"menuIds\" : [ \"2,109,1045,1046,1047,110,1048,1049,1050,1051,1052,1053,111\" ]\r\n}',0,NULL,'2018-11-11 22:10:06'),
(117,'å²—ä½ç®¡ç†',2,'com.ruoyi.web.controller.system.SysPostController.editSave()',1,'admin','ç ”å‘éƒ¨é—¨','/system/post/edit','127.0.0.1','å†…ç½‘IP','{\r\n  \"postId\" : [ \"3\" ],\r\n  \"postName\" : [ \"äººåŠ›èµ„æº\" ],\r\n  \"postCode\" : [ \"hr\" ],\r\n  \"postSort\" : [ \"3\" ],\r\n  \"status\" : [ \"1\" ],\r\n  \"remark\" : [ \"\" ]\r\n}',0,NULL,'2018-11-11 22:24:15'),
(118,'å²—ä½ç®¡ç†',2,'com.ruoyi.web.controller.system.SysPostController.editSave()',1,'admin','ç ”å‘éƒ¨é—¨','/system/post/edit','127.0.0.1','å†…ç½‘IP','{\r\n  \"postId\" : [ \"3\" ],\r\n  \"postName\" : [ \"äººåŠ›èµ„æº\" ],\r\n  \"postCode\" : [ \"hr\" ],\r\n  \"postSort\" : [ \"3\" ],\r\n  \"status\" : [ \"0\" ],\r\n  \"remark\" : [ \"\" ]\r\n}',0,NULL,'2018-11-11 22:24:34'),
(119,'ä»£ç ç”Ÿæˆ',8,'com.ruoyi.web.controller.tool.GenController.genCode()',1,'admin','ç ”å‘éƒ¨é—¨','/tool/gen/genCode/t_merchant_info','127.0.0.1','å†…ç½‘IP','{ }',0,NULL,'2018-11-11 22:47:31'),
(120,'èœå•ç®¡ç†',2,'com.ruoyi.web.controller.system.SysMenuController.editSave()',1,'admin','ç ”å‘éƒ¨é—¨','/system/menu/edit','127.0.0.1','å†…ç½‘IP','{\r\n  \"menuId\" : [ \"2000\" ],\r\n  \"parentId\" : [ \"1\" ],\r\n  \"menuType\" : [ \"C\" ],\r\n  \"menuName\" : [ \"å•†æˆ·ä¿¡æ¯\" ],\r\n  \"url\" : [ \"/system/merchantInfo\" ],\r\n  \"perms\" : [ \"module:merchantInfo:view\" ],\r\n  \"orderNum\" : [ \"1\" ],\r\n  \"icon\" : [ \"#\" ],\r\n  \"visible\" : [ \"0',0,NULL,'2018-11-11 23:01:10'),
(121,'èœå•ç®¡ç†',2,'com.ruoyi.web.controller.system.SysMenuController.editSave()',1,'admin','ç ”å‘éƒ¨é—¨','/system/menu/edit','127.0.0.1','å†…ç½‘IP','{\r\n  \"menuId\" : [ \"2005\" ],\r\n  \"parentId\" : [ \"1\" ],\r\n  \"menuType\" : [ \"C\" ],\r\n  \"menuName\" : [ \"å•†æˆ·ä¿¡æ¯\" ],\r\n  \"url\" : [ \"/system/merchantInfo\" ],\r\n  \"perms\" : [ \"module:merchantInfo:view\" ],\r\n  \"orderNum\" : [ \"1\" ],\r\n  \"icon\" : [ \"#\" ],\r\n  \"visible\" : [ \"0',0,NULL,'2018-11-11 23:22:02'),
(122,'èœå•ç®¡ç†',2,'com.ruoyi.web.controller.system.SysMenuController.editSave()',1,'admin','ç ”å‘éƒ¨é—¨','/system/menu/edit','127.0.0.1','å†…ç½‘IP','{\r\n  \"menuId\" : [ \"2005\" ],\r\n  \"parentId\" : [ \"1\" ],\r\n  \"menuType\" : [ \"C\" ],\r\n  \"menuName\" : [ \"å•†æˆ·ä¿¡æ¯\" ],\r\n  \"url\" : [ \"/system/merchantInfo\" ],\r\n  \"perms\" : [ \"system:merchantInfo:view\" ],\r\n  \"orderNum\" : [ \"10\" ],\r\n  \"icon\" : [ \"#\" ],\r\n  \"visible\" : [ \"',0,NULL,'2018-11-11 23:22:22'),
(123,'èœå•ç®¡ç†',2,'com.ruoyi.web.controller.system.SysMenuController.editSave()',1,'admin','ç ”å‘éƒ¨é—¨','/system/menu/edit','127.0.0.1','å†…ç½‘IP','{\r\n  \"menuId\" : [ \"2006\" ],\r\n  \"parentId\" : [ \"2005\" ],\r\n  \"menuType\" : [ \"F\" ],\r\n  \"menuName\" : [ \"å•†æˆ·æŸ¥è¯¢\" ],\r\n  \"url\" : [ \"#\" ],\r\n  \"perms\" : [ \"system:merchantInfo:list\" ],\r\n  \"orderNum\" : [ \"1\" ],\r\n  \"icon\" : [ \"#\" ],\r\n  \"visible\" : [ \"0\" ]\r\n}',0,NULL,'2018-11-11 23:22:53'),
(124,'èœå•ç®¡ç†',2,'com.ruoyi.web.controller.system.SysMenuController.editSave()',1,'admin','ç ”å‘éƒ¨é—¨','/system/menu/edit','127.0.0.1','å†…ç½‘IP','{\r\n  \"menuId\" : [ \"2007\" ],\r\n  \"parentId\" : [ \"2005\" ],\r\n  \"menuType\" : [ \"F\" ],\r\n  \"menuName\" : [ \"å•†æˆ·æ–°å¢\" ],\r\n  \"url\" : [ \"#\" ],\r\n  \"perms\" : [ \"system:merchantInfo:add\" ],\r\n  \"orderNum\" : [ \"2\" ],\r\n  \"icon\" : [ \"#\" ],\r\n  \"visible\" : [ \"0\" ]\r\n}',0,NULL,'2018-11-11 23:23:02'),
(125,'èœå•ç®¡ç†',2,'com.ruoyi.web.controller.system.SysMenuController.editSave()',1,'admin','ç ”å‘éƒ¨é—¨','/system/menu/edit','127.0.0.1','å†…ç½‘IP','{\r\n  \"menuId\" : [ \"2008\" ],\r\n  \"parentId\" : [ \"2005\" ],\r\n  \"menuType\" : [ \"F\" ],\r\n  \"menuName\" : [ \"å•†æˆ·ä¿®æ”¹\" ],\r\n  \"url\" : [ \"#\" ],\r\n  \"perms\" : [ \"system:merchantInfo:edit\" ],\r\n  \"orderNum\" : [ \"3\" ],\r\n  \"icon\" : [ \"#\" ],\r\n  \"visible\" : [ \"0\" ]\r\n}',0,NULL,'2018-11-11 23:23:11'),
(126,'èœå•ç®¡ç†',2,'com.ruoyi.web.controller.system.SysMenuController.editSave()',1,'admin','ç ”å‘éƒ¨é—¨','/system/menu/edit','127.0.0.1','å†…ç½‘IP','{\r\n  \"menuId\" : [ \"2009\" ],\r\n  \"parentId\" : [ \"2005\" ],\r\n  \"menuType\" : [ \"F\" ],\r\n  \"menuName\" : [ \"å•†æˆ·åˆ é™¤\" ],\r\n  \"url\" : [ \"#\" ],\r\n  \"perms\" : [ \"system:merchantInfo:remove\" ],\r\n  \"orderNum\" : [ \"4\" ],\r\n  \"icon\" : [ \"#\" ],\r\n  \"visible\" : [ \"0\" ]\r\n}',0,NULL,'2018-11-11 23:23:20'),
(127,'æ–°å¢å•†æˆ·',1,'com.ruoyi.web.controller.system.MerchantInfoController.addSave()',1,'admin','ç ”å‘éƒ¨é—¨','/system/merchantInfo/add','127.0.0.1','å†…ç½‘IP','{\r\n  \"merchantNo\" : [ \"test\" ],\r\n  \"merchantKey\" : [ \"123456\" ],\r\n  \"merchantType\" : [ \"alipay_qr\" ],\r\n  \"merchatFeeRate\" : [ \"0.5\" ],\r\n  \"company\" : [ \"test\" ],\r\n  \"website\" : [ \"test.com\" ],\r\n  \"createBy\" : [ \"admin\" ],\r\n  \"createTime\" : [ \"2018-11-11 2',0,NULL,'2018-11-11 23:42:42'),
(128,'ä»£ç ç”Ÿæˆ',8,'com.ruoyi.web.controller.tool.GenController.genCode()',1,'admin','ç ”å‘éƒ¨é—¨','/tool/gen/genCode/t_merchant_info','127.0.0.1','å†…ç½‘IP','{ }',0,NULL,'2018-11-12 22:31:58'),
(129,'é‡ç½®å¯†ç ',2,'com.ruoyi.web.controller.system.SysUserController.resetPwd()',1,'admin',NULL,'/system/user/resetPwd/100','127.0.0.1','å†…ç½‘IP','{ }',0,NULL,'2018-11-13 19:58:41'),
(130,'å•†æˆ·ä¿¡æ¯',1,'com.ruoyi.web.controller.system.MerchantInfoController.addSave()',1,'admin','ç ”å‘éƒ¨é—¨','/system/merchantInfo/add','127.0.0.1','å†…ç½‘IP','{\r\n  \"merchantNo\" : [ \"m10001\" ],\r\n  \"userId\" : [ \"100\" ],\r\n  \"merchantKey\" : [ \"123456\" ],\r\n  \"merchatFeeRate\" : [ \"0.5\" ],\r\n  \"notifyUrl\" : [ \"notify.m10001.com\" ],\r\n  \"company\" : [ \"m10001\" ],\r\n  \"website\" : [ \"m10001.com\" ],\r\n  \"status\" : [ \"1\" ],\r\n  ',1,'\r\n### Error updating database.  Cause: com.mysql.jdbc.exceptions.jdbc4.MySQLSyntaxErrorException: Unknown column \'createTime\' in \'field list\'\r\n### The error may involve com.ruoyi.system.mapper.MerchantInfoMapper.insertMerchantInfo-Inline\r\n### The error occurred while setting parameters\r\n### SQL: insert into t_merchant_info    ( merchant_no,    merchant_key,    merchat_fee_rate,    company,    website,    create_by,            remark,        notify_url,    user_id,             createTime )           values ( ?,    ?,    ?,    ?,    ?,    ?,            ?,        ?,    ?,             sysdate() )\r\n### Cause: com.mysql.jdbc.exceptions.jdbc4.MySQLSyntaxErrorException: Unknown column \'createTime\' in \'field list\'\n; bad SQL grammar []; nested exception is com.mysql.jdbc.exceptions.jdbc4.MySQLSyntaxErrorException: Unknown column \'createTime\' in \'field list\'','2018-11-13 20:47:51'),
(131,'å•†æˆ·ä¿¡æ¯',1,'com.ruoyi.web.controller.system.MerchantInfoController.addSave()',1,'admin',NULL,'/system/merchantInfo/add','127.0.0.1','å†…ç½‘IP','{\r\n  \"merchantNo\" : [ \"m10001\" ],\r\n  \"userId\" : [ \"100\" ],\r\n  \"merchantKey\" : [ \"123456\" ],\r\n  \"merchatFeeRate\" : [ \"0.5\" ],\r\n  \"notifyUrl\" : [ \"notify.m10001.com\" ],\r\n  \"company\" : [ \"m10001\" ],\r\n  \"website\" : [ \"m10001.com\" ],\r\n  \"status\" : [ \"1\" ],\r\n  ',1,'\r\n### Error updating database.  Cause: java.sql.SQLException: Field \'merchat_flag\' doesn\'t have a default value\r\n### The error may involve com.ruoyi.system.mapper.MerchantInfoMapper.insertMerchantInfo-Inline\r\n### The error occurred while setting parameters\r\n### SQL: insert into t_merchant_info    ( merchant_no,    merchant_key,    merchat_fee_rate,    company,    website,    create_by,            remark,        notify_url,    user_id,             create_time )           values ( ?,    ?,    ?,    ?,    ?,    ?,            ?,        ?,    ?,             sysdate() )\r\n### Cause: java.sql.SQLException: Field \'merchat_flag\' doesn\'t have a default value\n; ]; Field \'merchat_flag\' doesn\'t have a default value; nested exception is java.sql.SQLException: Field \'merchat_flag\' doesn\'t have a default value','2018-11-13 20:48:40'),
(132,'å•†æˆ·ä¿¡æ¯',1,'com.ruoyi.web.controller.system.MerchantInfoController.addSave()',1,'admin',NULL,'/system/merchantInfo/add','127.0.0.1','å†…ç½‘IP','{\r\n  \"merchantNo\" : [ \"m10001\" ],\r\n  \"userId\" : [ \"100\" ],\r\n  \"merchantKey\" : [ \"123456\" ],\r\n  \"merchatFeeRate\" : [ \"0.5\" ],\r\n  \"notifyUrl\" : [ \"notify.m10001.com\" ],\r\n  \"company\" : [ \"m10001\" ],\r\n  \"website\" : [ \"m10001.com\" ],\r\n  \"merchatFlag\" : [ \"1\" ]',0,NULL,'2018-11-13 20:51:24'),
(133,'èœå•ç®¡ç†',2,'com.ruoyi.web.controller.system.SysMenuController.editSave()',1,'admin','ç ”å‘éƒ¨é—¨','/system/menu/edit','127.0.0.1','å†…ç½‘IP','{\r\n  \"menuId\" : [ \"2005\" ],\r\n  \"parentId\" : [ \"1\" ],\r\n  \"menuType\" : [ \"C\" ],\r\n  \"menuName\" : [ \"å•†æˆ·ä¿¡æ¯\" ],\r\n  \"url\" : [ \"/system/merchantInfo\" ],\r\n  \"perms\" : [ \"system:merchantInfo:view\" ],\r\n  \"orderNum\" : [ \"2\" ],\r\n  \"icon\" : [ \"#\" ],\r\n  \"visible\" : [ \"0',0,NULL,'2018-11-13 21:35:44'),
(134,'ç”¨æˆ·ç®¡ç†',2,'com.ruoyi.web.controller.system.SysUserController.editSave()',1,'admin',NULL,'/system/user/edit','127.0.0.1','å†…ç½‘IP','{\r\n  \"userId\" : [ \"2\" ],\r\n  \"deptId\" : [ \"105\" ],\r\n  \"userName\" : [ \"è‹¥ä¾\" ],\r\n  \"email\" : [ \"ry@qq.com\" ],\r\n  \"phonenumber\" : [ \"15666666666\" ],\r\n  \"sex\" : [ \"1\" ],\r\n  \"status\" : [ \"1\" ],\r\n  \"roleIds\" : [ \"2\" ],\r\n  \"postIds\" : [ \"2\" ]\r\n}',0,NULL,'2018-11-13 21:42:20'),
(135,'å­—å…¸ç±»å‹',1,'com.ruoyi.web.controller.system.SysDictTypeController.addSave()',1,'admin',NULL,'/system/dict/add','127.0.0.1','å†…ç½‘IP','{\r\n  \"dictName\" : [ \"å•†æˆ·çŠ¶æ€\" ],\r\n  \"dictType\" : [ \"u_merchant_status\" ],\r\n  \"status\" : [ \"0\" ],\r\n  \"remark\" : [ \"å•†æˆ·çŠ¶æ€åˆ—è¡¨\" ]\r\n}',0,NULL,'2018-11-13 21:44:52'),
(136,'å­—å…¸æ•°æ®',1,'com.ruoyi.web.controller.system.SysDictDataController.addSave()',1,'admin',NULL,'/system/dict/data/add','127.0.0.1','å†…ç½‘IP','{\r\n  \"dictLabel\" : [ \"ç¦ç”¨\" ],\r\n  \"dictValue\" : [ \"0\" ],\r\n  \"dictType\" : [ \"u_merchant_status\" ],\r\n  \"cssClass\" : [ \"\" ],\r\n  \"dictSort\" : [ \"0\" ],\r\n  \"listClass\" : [ \"warning\" ],\r\n  \"isDefault\" : [ \"Y\" ],\r\n  \"status\" : [ \"0\" ],\r\n  \"remark\" : [ \"æ­£å¸¸çŠ¶æ€\" ]\r\n}',0,NULL,'2018-11-13 21:47:04'),
(137,'å­—å…¸æ•°æ®',2,'com.ruoyi.web.controller.system.SysDictDataController.editSave()',1,'admin',NULL,'/system/dict/data/edit','127.0.0.1','å†…ç½‘IP','{\r\n  \"dictCode\" : [ \"100\" ],\r\n  \"dictLabel\" : [ \"ç¦ç”¨\" ],\r\n  \"dictValue\" : [ \"0\" ],\r\n  \"dictType\" : [ \"u_merchant_status\" ],\r\n  \"cssClass\" : [ \"\" ],\r\n  \"dictSort\" : [ \"0\" ],\r\n  \"listClass\" : [ \"warning\" ],\r\n  \"isDefault\" : [ \"Y\" ],\r\n  \"status\" : [ \"0\" ],\r\n ',0,NULL,'2018-11-13 21:48:35'),
(138,'å­—å…¸æ•°æ®',1,'com.ruoyi.web.controller.system.SysDictDataController.addSave()',1,'admin',NULL,'/system/dict/data/add','127.0.0.1','å†…ç½‘IP','{\r\n  \"dictLabel\" : [ \"æ­£å¸¸\" ],\r\n  \"dictValue\" : [ \"1\" ],\r\n  \"dictType\" : [ \"u_merchant_status\" ],\r\n  \"cssClass\" : [ \"\" ],\r\n  \"dictSort\" : [ \"2\" ],\r\n  \"listClass\" : [ \"primary\" ],\r\n  \"isDefault\" : [ \"Y\" ],\r\n  \"status\" : [ \"0\" ],\r\n  \"remark\" : [ \"æ­£å¸¸çŠ¶æ€\" ]\r\n}',0,NULL,'2018-11-13 21:49:07'),
(139,'å­—å…¸æ•°æ®',2,'com.ruoyi.web.controller.system.SysDictDataController.editSave()',1,'admin',NULL,'/system/dict/data/edit','127.0.0.1','å†…ç½‘IP','{\r\n  \"dictCode\" : [ \"100\" ],\r\n  \"dictLabel\" : [ \"ç¦ç”¨\" ],\r\n  \"dictValue\" : [ \"0\" ],\r\n  \"dictType\" : [ \"u_merchant_status\" ],\r\n  \"cssClass\" : [ \"\" ],\r\n  \"dictSort\" : [ \"0\" ],\r\n  \"listClass\" : [ \"warning\" ],\r\n  \"isDefault\" : [ \"Y\" ],\r\n  \"status\" : [ \"0\" ],\r\n ',0,NULL,'2018-11-13 21:49:18'),
(140,'å­—å…¸æ•°æ®',1,'com.ruoyi.web.controller.system.SysDictDataController.addSave()',1,'admin',NULL,'/system/dict/data/add','127.0.0.1','å†…ç½‘IP','{\r\n  \"dictLabel\" : [ \"æ¬ è´¹\" ],\r\n  \"dictValue\" : [ \"2\" ],\r\n  \"dictType\" : [ \"u_merchant_status\" ],\r\n  \"cssClass\" : [ \"\" ],\r\n  \"dictSort\" : [ \"3\" ],\r\n  \"listClass\" : [ \"danger\" ],\r\n  \"isDefault\" : [ \"Y\" ],\r\n  \"status\" : [ \"0\" ],\r\n  \"remark\" : [ \"æ¬ è´¹çŠ¶æ€\" ]\r\n}',0,NULL,'2018-11-13 21:49:51'),
(141,'å­—å…¸æ•°æ®',2,'com.ruoyi.web.controller.system.SysDictDataController.editSave()',1,'admin',NULL,'/system/dict/data/edit','127.0.0.1','å†…ç½‘IP','{\r\n  \"dictCode\" : [ \"100\" ],\r\n  \"dictLabel\" : [ \"ç¦ç”¨\" ],\r\n  \"dictValue\" : [ \"0\" ],\r\n  \"dictType\" : [ \"u_merchant_status\" ],\r\n  \"cssClass\" : [ \"\" ],\r\n  \"dictSort\" : [ \"1\" ],\r\n  \"listClass\" : [ \"warning\" ],\r\n  \"isDefault\" : [ \"Y\" ],\r\n  \"status\" : [ \"0\" ],\r\n ',0,NULL,'2018-11-13 21:50:03'),
(142,'å•†æˆ·ä¿¡æ¯',2,'com.ruoyi.web.controller.system.MerchantInfoController.editSave()',1,'admin','ç ”å‘éƒ¨é—¨','/system/merchantInfo/edit','127.0.0.1','å†…ç½‘IP','{\r\n  \"merchantNo\" : [ \"m10001\" ],\r\n  \"loginName\" : [ \"test\" ],\r\n  \"userId\" : [ \"100\" ],\r\n  \"merchantKey\" : [ \"123456\" ],\r\n  \"merchatFeeRate\" : [ \"0.500\" ],\r\n  \"notifyUrl\" : [ \"notify.m10001.com\" ],\r\n  \"company\" : [ \"m10001\" ],\r\n  \"website\" : [ \"m10001.com',0,NULL,'2018-11-13 23:04:28'),
(143,'å•†æˆ·ä¿¡æ¯',2,'com.ruoyi.web.controller.system.MerchantInfoController.editSave()',1,'admin','ç ”å‘éƒ¨é—¨','/system/merchantInfo/edit','127.0.0.1','å†…ç½‘IP','{\r\n  \"merchantNo\" : [ \"m10001\" ],\r\n  \"loginName\" : [ \"test\" ],\r\n  \"userId\" : [ \"100\" ],\r\n  \"merchantKey\" : [ \"123456\" ],\r\n  \"merchatFeeRate\" : [ \"0.6\" ],\r\n  \"notifyUrl\" : [ \"notify.m10001.com\" ],\r\n  \"company\" : [ \"m10001\" ],\r\n  \"website\" : [ \"m10001.com\" ',0,NULL,'2018-11-13 23:06:56'),
(144,'å•†æˆ·ä¿¡æ¯',2,'com.ruoyi.web.controller.system.MerchantInfoController.editSave()',1,'admin','ç ”å‘éƒ¨é—¨','/system/merchantInfo/edit','127.0.0.1','å†…ç½‘IP','{\r\n  \"merchantNo\" : [ \"m10001\" ],\r\n  \"loginName\" : [ \"test\" ],\r\n  \"userId\" : [ \"100\" ],\r\n  \"merchantKey\" : [ \"123456\" ],\r\n  \"merchatFeeRate\" : [ \"0.6\" ],\r\n  \"notifyUrl\" : [ \"notify.m10001.com\" ],\r\n  \"company\" : [ \"m10001\" ],\r\n  \"website\" : [ \"m10001.com\" ',0,NULL,'2018-11-13 23:07:20'),
(145,'å•†æˆ·ä¿¡æ¯',2,'com.ruoyi.web.controller.system.MerchantInfoController.editSave()',1,'admin','ç ”å‘éƒ¨é—¨','/system/merchantInfo/edit','127.0.0.1','å†…ç½‘IP','{\r\n  \"id\" : [ \"1\" ],\r\n  \"merchantNo\" : [ \"m10001\" ],\r\n  \"loginName\" : [ \"test\" ],\r\n  \"userId\" : [ \"100\" ],\r\n  \"merchantKey\" : [ \"123456\" ],\r\n  \"merchatFeeRate\" : [ \"0.6\" ],\r\n  \"notifyUrl\" : [ \"notify.m10001.com\" ],\r\n  \"company\" : [ \"m10001\" ],\r\n  \"website',0,NULL,'2018-11-13 23:10:54'),
(146,'èœå•ç®¡ç†',2,'com.ruoyi.web.controller.system.SysMenuController.editSave()',1,'admin','ç ”å‘éƒ¨é—¨','/system/menu/edit','127.0.0.1','å†…ç½‘IP','{\r\n  \"menuId\" : [ \"1003\" ],\r\n  \"parentId\" : [ \"100\" ],\r\n  \"menuType\" : [ \"F\" ],\r\n  \"menuName\" : [ \"ç”¨æˆ·åˆ é™¤\" ],\r\n  \"url\" : [ \"#\" ],\r\n  \"perms\" : [ \"system:user:remove\" ],\r\n  \"orderNum\" : [ \"4\" ],\r\n  \"icon\" : [ \"#\" ],\r\n  \"visible\" : [ \"1\" ]\r\n}',0,NULL,'2018-11-13 23:17:38'),
(147,'èœå•ç®¡ç†',2,'com.ruoyi.web.controller.system.SysMenuController.editSave()',1,'admin','ç ”å‘éƒ¨é—¨','/system/menu/edit','127.0.0.1','å†…ç½‘IP','{\r\n  \"menuId\" : [ \"1003\" ],\r\n  \"parentId\" : [ \"100\" ],\r\n  \"menuType\" : [ \"F\" ],\r\n  \"menuName\" : [ \"ç”¨æˆ·åˆ é™¤\" ],\r\n  \"url\" : [ \"#\" ],\r\n  \"perms\" : [ \"system:user:remove\" ],\r\n  \"orderNum\" : [ \"4\" ],\r\n  \"icon\" : [ \"#\" ],\r\n  \"visible\" : [ \"0\" ]\r\n}',0,NULL,'2018-11-13 23:18:35'),
(148,'è§’è‰²ç®¡ç†',2,'com.ruoyi.web.controller.system.SysRoleController.editSave()',1,'admin','ç ”å‘éƒ¨é—¨','/system/role/edit','127.0.0.1','å†…ç½‘IP','{\r\n  \"roleId\" : [ \"100\" ],\r\n  \"roleName\" : [ \"è¿è¥å•†\" ],\r\n  \"roleKey\" : [ \"merchant\" ],\r\n  \"roleSort\" : [ \"3\" ],\r\n  \"status\" : [ \"0\" ],\r\n  \"remark\" : [ \"\" ],\r\n  \"menuIds\" : [ \"1,2005,2006,2007,2008,2,109,1045,1046,1047,110,1048,1049,1050,1051,1052,1053,111\" ',0,NULL,'2018-11-13 23:19:11'),
(149,'ç”¨æˆ·ç®¡ç†',1,'com.ruoyi.web.controller.system.SysUserController.addSave()',1,'admin','ç ”å‘éƒ¨é—¨','/system/user/add','127.0.0.1','å†…ç½‘IP','{\r\n  \"deptId\" : [ \"200\" ],\r\n  \"loginName\" : [ \"test1\" ],\r\n  \"userName\" : [ \"test1\" ],\r\n  \"password\" : [ \"111111\" ],\r\n  \"email\" : [ \"test1@1.1\" ],\r\n  \"phonenumber\" : [ \"13666666661\" ],\r\n  \"sex\" : [ \"0\" ],\r\n  \"status\" : [ \"0\" ],\r\n  \"roleIds\" : [ \"100\" ],\r\n ',0,NULL,'2018-11-13 23:21:06'),
(150,'å•†æˆ·ä¿¡æ¯',1,'com.ruoyi.web.controller.system.MerchantInfoController.addSave()',1,'admin','ç ”å‘éƒ¨é—¨','/system/merchantInfo/add','127.0.0.1','å†…ç½‘IP','{\r\n  \"merchantNo\" : [ \"m100012\" ],\r\n  \"loginName\" : [ \"test1\" ],\r\n  \"userId\" : [ \"101\" ],\r\n  \"merchantKey\" : [ \"123456\" ],\r\n  \"merchatFeeRate\" : [ \"0.5\" ],\r\n  \"notifyUrl\" : [ \"notify.m10002.com\" ],\r\n  \"company\" : [ \"m10002\" ],\r\n  \"website\" : [ \"m10002.com',0,NULL,'2018-11-13 23:21:38'),
(151,'å•†æˆ·ä¿¡æ¯',1,'com.ruoyi.web.controller.system.MerchantInfoController.addSave()',1,'admin','ç ”å‘éƒ¨é—¨','/system/merchantInfo/add','127.0.0.1','å†…ç½‘IP','{\r\n  \"merchantNo\" : [ \"m10003\" ],\r\n  \"loginName\" : [ \"admin\" ],\r\n  \"userId\" : [ \"1\" ],\r\n  \"merchantKey\" : [ \"123456\" ],\r\n  \"merchatFeeRate\" : [ \"0.5\" ],\r\n  \"notifyUrl\" : [ \"notify.m10003.com\" ],\r\n  \"company\" : [ \"m10003\" ],\r\n  \"website\" : [ \"m10003.com\" ]',0,NULL,'2018-11-13 23:27:13'),
(152,'ç”¨æˆ·ç®¡ç†',1,'com.ruoyi.web.controller.system.SysUserController.addSave()',1,'admin','ç ”å‘éƒ¨é—¨','/system/user/add','127.0.0.1','å†…ç½‘IP','{\r\n  \"deptId\" : [ \"200\" ],\r\n  \"loginName\" : [ \"test2\" ],\r\n  \"userName\" : [ \"test2\" ],\r\n  \"password\" : [ \"123456\" ],\r\n  \"email\" : [ \"test2@1.1\" ],\r\n  \"phonenumber\" : [ \"13666666662\" ],\r\n  \"sex\" : [ \"0\" ],\r\n  \"status\" : [ \"0\" ],\r\n  \"roleIds\" : [ \"100\" ],\r\n ',0,NULL,'2018-11-13 23:27:59'),
(153,'å•†æˆ·ä¿¡æ¯',1,'com.ruoyi.web.controller.system.MerchantInfoController.addSave()',1,'admin','ç ”å‘éƒ¨é—¨','/system/merchantInfo/add','127.0.0.1','å†…ç½‘IP','{\r\n  \"merchantNo\" : [ \"m10003\" ],\r\n  \"loginName\" : [ \"test2\" ],\r\n  \"userId\" : [ \"102\" ],\r\n  \"merchantKey\" : [ \"123456\" ],\r\n  \"merchatFeeRate\" : [ \"0.5\" ],\r\n  \"notifyUrl\" : [ \"notify.m10003.com\" ],\r\n  \"company\" : [ \"m10003\" ],\r\n  \"website\" : [ \"m10003.com\"',0,NULL,'2018-11-13 23:28:35'),
(154,'å•†æˆ·ä¿¡æ¯',3,'com.ruoyi.web.controller.system.MerchantInfoController.remove()',1,'admin','ç ”å‘éƒ¨é—¨','/system/merchantInfo/remove','127.0.0.1','å†…ç½‘IP','{\r\n  \"ids\" : [ \"2,3\" ]\r\n}',0,NULL,'2018-11-13 23:29:28'),
(155,'ç”¨æˆ·ç®¡ç†',3,'com.ruoyi.web.controller.system.SysUserController.remove()',1,'admin','ç ”å‘éƒ¨é—¨','/system/user/remove','127.0.0.1','å†…ç½‘IP','{\r\n  \"ids\" : [ \"101\" ]\r\n}',0,NULL,'2018-11-13 23:30:08'),
(156,'å•†æˆ·ä¿¡æ¯',1,'com.ruoyi.web.controller.system.MerchantInfoController.addSave()',1,'admin','ç ”å‘éƒ¨é—¨','/system/merchantInfo/add','127.0.0.1','å†…ç½‘IP','{\r\n  \"merchantNo\" : [ \"m10002\" ],\r\n  \"loginName\" : [ \"test2\" ],\r\n  \"userId\" : [ \"102\" ],\r\n  \"merchantKey\" : [ \"123456\" ],\r\n  \"merchatFeeRate\" : [ \"0.5\" ],\r\n  \"notifyUrl\" : [ \"notify.m10002.com\" ],\r\n  \"company\" : [ \"m10002\" ],\r\n  \"website\" : [ \"m10002.com\"',0,NULL,'2018-11-13 23:30:34'),
(157,'ç”¨æˆ·ç®¡ç†',1,'com.ruoyi.web.controller.system.SysUserController.addSave()',1,'admin','ç ”å‘éƒ¨é—¨','/system/user/add','127.0.0.1','å†…ç½‘IP','{\r\n  \"deptId\" : [ \"200\" ],\r\n  \"loginName\" : [ \"test3\" ],\r\n  \"userName\" : [ \"test3\" ],\r\n  \"password\" : [ \"123456\" ],\r\n  \"email\" : [ \"test3@1.1\" ],\r\n  \"phonenumber\" : [ \"13666666663\" ],\r\n  \"sex\" : [ \"0\" ],\r\n  \"status\" : [ \"0\" ],\r\n  \"roleIds\" : [ \"100\" ],\r\n ',0,NULL,'2018-11-13 23:31:23'),
(158,'ç”¨æˆ·ç®¡ç†',1,'com.ruoyi.web.controller.system.SysUserController.addSave()',1,'admin','ç ”å‘éƒ¨é—¨','/system/user/add','127.0.0.1','å†…ç½‘IP','{\r\n  \"deptId\" : [ \"104\" ],\r\n  \"loginName\" : [ \"om\" ],\r\n  \"userName\" : [ \"om\" ],\r\n  \"password\" : [ \"111111\" ],\r\n  \"email\" : [ \"om@1.1\" ],\r\n  \"phonenumber\" : [ \"13611112222\" ],\r\n  \"sex\" : [ \"0\" ],\r\n  \"status\" : [ \"0\" ],\r\n  \"roleIds\" : [ \"1\" ],\r\n  \"postIds\" ',0,NULL,'2018-11-13 23:36:12'),
(159,'è§’è‰²ç®¡ç†',1,'com.ruoyi.web.controller.system.SysRoleController.addSave()',1,'admin','ç ”å‘éƒ¨é—¨','/system/role/add','127.0.0.1','å†…ç½‘IP','{\r\n  \"roleName\" : [ \"ç³»ç»Ÿç®¡ç†\" ],\r\n  \"roleKey\" : [ \"system-admin\" ],\r\n  \"roleSort\" : [ \"4\" ],\r\n  \"status\" : [ \"0\" ],\r\n  \"remark\" : [ \"ç³»ç»Ÿç®¡ç†\" ],\r\n  \"menuIds\" : [ \"1,100,1000,1001,1002,1003,1004,1005,101,1006,1007,1008,1009,1010,102,1011,1012,1013,1014,103,1015,',0,NULL,'2018-11-13 23:38:57'),
(160,'è§’è‰²ç®¡ç†',2,'com.ruoyi.web.controller.system.SysRoleController.editSave()',1,'admin','ç ”å‘éƒ¨é—¨','/system/role/edit','127.0.0.1','å†…ç½‘IP','{\r\n  \"roleId\" : [ \"1\" ],\r\n  \"roleName\" : [ \"è¶…çº§ç®¡ç†å‘˜\" ],\r\n  \"roleKey\" : [ \"admin\" ],\r\n  \"roleSort\" : [ \"1\" ],\r\n  \"status\" : [ \"0\" ],\r\n  \"remark\" : [ \"ç®¡ç†å‘˜\" ],\r\n  \"menuIds\" : [ \"\" ]\r\n}',0,NULL,'2018-11-13 23:39:11'),
(161,'ç”¨æˆ·ç®¡ç†',2,'com.ruoyi.web.controller.system.SysUserController.editSave()',1,'admin','ç ”å‘éƒ¨é—¨','/system/user/edit','127.0.0.1','å†…ç½‘IP','{\r\n  \"userId\" : [ \"104\" ],\r\n  \"deptId\" : [ \"104\" ],\r\n  \"userName\" : [ \"om\" ],\r\n  \"email\" : [ \"om@1.1\" ],\r\n  \"phonenumber\" : [ \"13611112222\" ],\r\n  \"sex\" : [ \"0\" ],\r\n  \"status\" : [ \"0\" ],\r\n  \"roleIds\" : [ \"101\" ],\r\n  \"postIds\" : [ \"4\" ]\r\n}',0,NULL,'2018-11-13 23:39:26'),
(162,'ç”¨æˆ·ç®¡ç†',2,'com.ruoyi.web.controller.system.SysUserController.editSave()',1,'admin','ç ”å‘éƒ¨é—¨','/system/user/edit','127.0.0.1','å†…ç½‘IP','{\r\n  \"userId\" : [ \"104\" ],\r\n  \"deptId\" : [ \"104\" ],\r\n  \"userName\" : [ \"om\" ],\r\n  \"email\" : [ \"om@1.1\" ],\r\n  \"phonenumber\" : [ \"13611112222\" ],\r\n  \"sex\" : [ \"0\" ],\r\n  \"status\" : [ \"0\" ],\r\n  \"roleIds\" : [ \"101\" ],\r\n  \"postIds\" : [ \"1\" ]\r\n}',0,NULL,'2018-11-13 23:39:41'),
(163,'ç”¨æˆ·ç®¡ç†',2,'com.ruoyi.web.controller.system.SysUserController.editSave()',1,'om','å¸‚åœºéƒ¨é—¨','/system/user/edit','127.0.0.1','å†…ç½‘IP','{\r\n  \"userId\" : [ \"100\" ],\r\n  \"deptId\" : [ \"200\" ],\r\n  \"userName\" : [ \"test\" ],\r\n  \"email\" : [ \"test@1.1\" ],\r\n  \"phonenumber\" : [ \"13666666666\" ],\r\n  \"sex\" : [ \"0\" ],\r\n  \"status\" : [ \"0\" ],\r\n  \"roleIds\" : [ \"1\" ],\r\n  \"postIds\" : [ \"5\" ]\r\n}',0,NULL,'2018-11-13 23:40:42'),
(164,'è§’è‰²ç®¡ç†',2,'com.ruoyi.web.controller.system.SysRoleController.editSave()',1,'om','å¸‚åœºéƒ¨é—¨','/system/role/edit','127.0.0.1','å†…ç½‘IP','{\r\n  \"roleId\" : [ \"1\" ],\r\n  \"roleName\" : [ \"è¶…çº§ç®¡ç†å‘˜\" ],\r\n  \"roleKey\" : [ \"admin\" ],\r\n  \"roleSort\" : [ \"1\" ],\r\n  \"status\" : [ \"0\" ],\r\n  \"remark\" : [ \"ç®¡ç†å‘˜\" ],\r\n  \"menuIds\" : [ \"1,100,1000,1001,1002,1003,1004,1005,101,1006,1007,1008,1009,1010,102,1011,1012,101',0,NULL,'2018-11-13 23:41:12'),
(165,'è§’è‰²ç®¡ç†',2,'com.ruoyi.web.controller.system.SysRoleController.editSave()',1,'admin','ç ”å‘éƒ¨é—¨','/system/role/edit','127.0.0.1','å†…ç½‘IP','{\r\n  \"roleId\" : [ \"1\" ],\r\n  \"roleName\" : [ \"è¶…çº§ç®¡ç†å‘˜\" ],\r\n  \"roleKey\" : [ \"admin\" ],\r\n  \"roleSort\" : [ \"1\" ],\r\n  \"status\" : [ \"0\" ],\r\n  \"remark\" : [ \"ç®¡ç†å‘˜\" ],\r\n  \"menuIds\" : [ \"\" ]\r\n}',0,NULL,'2018-11-13 23:41:44'),
(166,'è§’è‰²ç®¡ç†',3,'com.ruoyi.web.controller.system.SysRoleController.remove()',1,'admin','ç ”å‘éƒ¨é—¨','/system/role/remove','127.0.0.1','å†…ç½‘IP','{\r\n  \"ids\" : [ \"101\" ]\r\n}',0,NULL,'2018-11-13 23:43:21'),
(167,'ç”¨æˆ·ç®¡ç†',2,'com.ruoyi.web.controller.system.SysUserController.editSave()',1,'admin','ç ”å‘éƒ¨é—¨','/system/user/edit','127.0.0.1','å†…ç½‘IP','{\r\n  \"userId\" : [ \"104\" ],\r\n  \"deptId\" : [ \"104\" ],\r\n  \"userName\" : [ \"om\" ],\r\n  \"email\" : [ \"om@1.1\" ],\r\n  \"phonenumber\" : [ \"13611112222\" ],\r\n  \"sex\" : [ \"0\" ],\r\n  \"status\" : [ \"0\" ],\r\n  \"roleIds\" : [ \"1\" ],\r\n  \"postIds\" : [ \"1\" ]\r\n}',0,NULL,'2018-11-13 23:43:33'),
(168,'è§’è‰²ç®¡ç†',3,'com.ruoyi.web.controller.system.SysRoleController.remove()',1,'admin','ç ”å‘éƒ¨é—¨','/system/role/remove','127.0.0.1','å†…ç½‘IP','{\r\n  \"ids\" : [ \"101\" ]\r\n}',0,NULL,'2018-11-13 23:43:38'),
(169,'è§’è‰²ç®¡ç†',2,'com.ruoyi.web.controller.system.SysRoleController.editSave()',1,'admin','ç ”å‘éƒ¨é—¨','/system/role/edit','127.0.0.1','å†…ç½‘IP','{\r\n  \"roleId\" : [ \"1\" ],\r\n  \"roleName\" : [ \"è¶…çº§ç®¡ç†å‘˜\" ],\r\n  \"roleKey\" : [ \"admin\" ],\r\n  \"roleSort\" : [ \"1\" ],\r\n  \"status\" : [ \"0\" ],\r\n  \"remark\" : [ \"ç®¡ç†å‘˜\" ],\r\n  \"menuIds\" : [ \"1,100,1000,1001,1002,1003,1004,1005,102,1011,1012,1013,1014,103,1015,1016,1017,101',0,NULL,'2018-11-13 23:45:19'),
(170,'è§’è‰²ç®¡ç†',2,'com.ruoyi.web.controller.system.SysRoleController.editSave()',1,'admin','ç ”å‘éƒ¨é—¨','/system/role/edit','127.0.0.1','å†…ç½‘IP','{\r\n  \"roleId\" : [ \"1\" ],\r\n  \"roleName\" : [ \"è¶…çº§ç®¡ç†å‘˜\" ],\r\n  \"roleKey\" : [ \"admin\" ],\r\n  \"roleSort\" : [ \"1\" ],\r\n  \"status\" : [ \"0\" ],\r\n  \"remark\" : [ \"ç®¡ç†å‘˜\" ],\r\n  \"menuIds\" : [ \"1,100,1000,1001,1002,1003,1004,1005,101,1006,1007,1008,1009,1010,102,1011,1012,101',0,NULL,'2018-11-13 23:46:44'),
(171,'è§’è‰²ç®¡ç†',1,'com.ruoyi.web.controller.system.SysRoleController.addSave()',1,'admin','ç ”å‘éƒ¨é—¨','/system/role/add','127.0.0.1','å†…ç½‘IP','{\r\n  \"roleName\" : [ \"ç³»ç»Ÿç®¡ç†å‘˜\" ],\r\n  \"roleKey\" : [ \"system\" ],\r\n  \"roleSort\" : [ \"4\" ],\r\n  \"status\" : [ \"0\" ],\r\n  \"remark\" : [ \"ç³»ç»Ÿç®¡ç†å‘˜\" ],\r\n  \"menuIds\" : [ \"1,100,1000,1001,1002,1003,1004,1005,103,1015,1016,1017,1018,104,1019,1020,1021,1022,1023,107,1034,1035',0,NULL,'2018-11-13 23:48:52'),
(172,'ç”¨æˆ·ç®¡ç†',2,'com.ruoyi.web.controller.system.SysUserController.editSave()',1,'admin','ç ”å‘éƒ¨é—¨','/system/user/edit','127.0.0.1','å†…ç½‘IP','{\r\n  \"userId\" : [ \"104\" ],\r\n  \"deptId\" : [ \"104\" ],\r\n  \"userName\" : [ \"om\" ],\r\n  \"email\" : [ \"om@1.1\" ],\r\n  \"phonenumber\" : [ \"13611112222\" ],\r\n  \"sex\" : [ \"0\" ],\r\n  \"status\" : [ \"0\" ],\r\n  \"roleIds\" : [ \"2\" ],\r\n  \"postIds\" : [ \"4\" ]\r\n}',0,NULL,'2018-11-13 23:49:18'),
(173,'ç”¨æˆ·ç®¡ç†',1,'com.ruoyi.web.controller.system.SysUserController.addSave()',1,'admin','ç ”å‘éƒ¨é—¨','/system/user/add','127.0.0.1','å†…ç½‘IP','{\r\n  \"deptId\" : [ \"103\" ],\r\n  \"loginName\" : [ \"system\" ],\r\n  \"userName\" : [ \"system\" ],\r\n  \"password\" : [ \"111111\" ],\r\n  \"email\" : [ \"system@1.1\" ],\r\n  \"phonenumber\" : [ \"13611112221\" ],\r\n  \"sex\" : [ \"0\" ],\r\n  \"status\" : [ \"0\" ],\r\n  \"roleIds\" : [ \"102\" ],',0,NULL,'2018-11-13 23:50:02'),
(174,'åœ¨çº¿ç”¨æˆ·',7,'com.ruoyi.web.controller.monitor.SysUserOnlineController.forceLogout()',1,'system','ç ”å‘éƒ¨é—¨','/monitor/online/forceLogout','127.0.0.1','å†…ç½‘IP','{\r\n  \"sessionId\" : [ \"7b35c870-5cb1-47df-add2-802fb7a64eb3\" ]\r\n}',1,'There is no session with id [7b35c870-5cb1-47df-add2-802fb7a64eb3]','2018-11-13 23:50:23'),
(175,'é€šçŸ¥å…¬å‘Š',2,'com.ruoyi.web.controller.system.SysNoticeController.editSave()',1,'system','ç ”å‘éƒ¨é—¨','/system/notice/edit','127.0.0.1','å†…ç½‘IP','{\r\n  \"noticeId\" : [ \"1\" ],\r\n  \"noticeTitle\" : [ \"æ¸©é¦¨æé†’ï¼š2018-07-01 è‹¥ä¾æ–°ç‰ˆæœ¬å‘å¸ƒå•¦\" ],\r\n  \"noticeType\" : [ \"2\" ],\r\n  \"noticeContent\" : [ \"æ–°ç‰ˆæœ¬å†…å®¹\" ],\r\n  \"status\" : [ \"0\" ]\r\n}',0,NULL,'2018-11-13 23:51:40'),
(176,'å•†æˆ·ä¿¡æ¯',2,'com.ruoyi.web.controller.system.MerchantInfoController.editSave()',1,'admin',NULL,'/system/merchantInfo/edit','127.0.0.1','å†…ç½‘IP','{\r\n  \"id\" : [ \"4\" ],\r\n  \"merchantNo\" : [ \"m10002\" ],\r\n  \"loginName\" : [ \"test2\" ],\r\n  \"userId\" : [ \"102\" ],\r\n  \"merchantKey\" : [ \"123456\" ],\r\n  \"merchatFeeRate\" : [ \"0.500\" ],\r\n  \"notifyUrl\" : [ \"notify.m10002.com\" ],\r\n  \"company\" : [ \"m10002\" ],\r\n  \"webs',0,NULL,'2018-11-14 00:25:28'),
(177,'å•†æˆ·ä¿¡æ¯',2,'com.ruoyi.web.controller.system.MerchantInfoController.editSave()',1,'admin',NULL,'/system/merchantInfo/edit','127.0.0.1','å†…ç½‘IP','{\r\n  \"id\" : [ \"4\" ],\r\n  \"merchantNo\" : [ \"m10002\" ],\r\n  \"loginName\" : [ \"test2\" ],\r\n  \"userId\" : [ \"102\" ],\r\n  \"merchantKey\" : [ \"123456\" ],\r\n  \"merchatFeeRate\" : [ \"0.500\" ],\r\n  \"notifyUrl\" : [ \"notify.m10002.com\" ],\r\n  \"company\" : [ \"m10002\" ],\r\n  \"webs',0,NULL,'2018-11-14 00:25:28'),
(178,'å•†æˆ·ä¿¡æ¯',1,'com.ruoyi.web.controller.system.MerchantInfoController.addSave()',1,'admin','ç ”å‘éƒ¨é—¨','/system/merchantInfo/add','127.0.0.1','å†…ç½‘IP','{\r\n  \"merchantNo\" : [ \"m10003\" ],\r\n  \"loginName\" : [ \"test3\" ],\r\n  \"userId\" : [ \"103\" ],\r\n  \"merchantKey\" : [ \"123456\" ],\r\n  \"merchatFeeRate\" : [ \"0.6\" ],\r\n  \"notifyUrl\" : [ \"notify.m10003.com\" ],\r\n  \"company\" : [ \"m10003\" ],\r\n  \"website\" : [ \"m10003.com\"',0,NULL,'2018-11-14 00:59:17'),
(179,'ä»£ç ç”Ÿæˆ',8,'com.ruoyi.web.controller.tool.GenController.genCode()',1,'admin','ç ”å‘éƒ¨é—¨','/tool/gen/genCode/t_receipt_accounts','127.0.0.1','å†…ç½‘IP','{ }',0,NULL,'2018-11-14 19:16:19'),
(180,'å­—å…¸ç±»å‹',1,'com.ruoyi.web.controller.system.SysDictTypeController.addSave()',1,'admin','ç ”å‘éƒ¨é—¨','/system/dict/add','127.0.0.1','å†…ç½‘IP','{\r\n  \"dictName\" : [ \"æ”¶æ¬¾è´¦å·çŠ¶æ€\" ],\r\n  \"dictType\" : [ \"u_receipt_account_status\" ],\r\n  \"status\" : [ \"0\" ],\r\n  \"remark\" : [ \"\" ]\r\n}',0,NULL,'2018-11-14 19:40:08'),
(181,'å­—å…¸ç±»å‹',2,'com.ruoyi.web.controller.system.SysDictTypeController.editSave()',1,'admin','ç ”å‘éƒ¨é—¨','/system/dict/edit','127.0.0.1','å†…ç½‘IP','{\r\n  \"dictId\" : [ \"101\" ],\r\n  \"dictName\" : [ \"æ”¶æ¬¾è´¦å·çŠ¶æ€\" ],\r\n  \"dictType\" : [ \"u_receipt_account_status\" ],\r\n  \"status\" : [ \"0\" ],\r\n  \"remark\" : [ \"æ”¶æ¬¾è´¦å·çŠ¶æ€\" ]\r\n}',0,NULL,'2018-11-14 19:40:21'),
(182,'å­—å…¸æ•°æ®',1,'com.ruoyi.web.controller.system.SysDictDataController.addSave()',1,'admin','ç ”å‘éƒ¨é—¨','/system/dict/data/add','127.0.0.1','å†…ç½‘IP','{\r\n  \"dictLabel\" : [ \"å¯ç”¨\" ],\r\n  \"dictValue\" : [ \"1\" ],\r\n  \"dictType\" : [ \"u_receipt_account_status\" ],\r\n  \"cssClass\" : [ \"\" ],\r\n  \"dictSort\" : [ \"1\" ],\r\n  \"listClass\" : [ \"primary\" ],\r\n  \"isDefault\" : [ \"Y\" ],\r\n  \"status\" : [ \"0\" ],\r\n  \"remark\" : [ \"\" ]\r\n',0,NULL,'2018-11-14 19:41:06'),
(183,'å­—å…¸æ•°æ®',1,'com.ruoyi.web.controller.system.SysDictDataController.addSave()',1,'admin','ç ”å‘éƒ¨é—¨','/system/dict/data/add','127.0.0.1','å†…ç½‘IP','{\r\n  \"dictLabel\" : [ \"ç¦ç”¨\" ],\r\n  \"dictValue\" : [ \"0\" ],\r\n  \"dictType\" : [ \"u_receipt_account_status\" ],\r\n  \"cssClass\" : [ \"\" ],\r\n  \"dictSort\" : [ \"2\" ],\r\n  \"listClass\" : [ \"warning\" ],\r\n  \"isDefault\" : [ \"Y\" ],\r\n  \"status\" : [ \"0\" ],\r\n  \"remark\" : [ \"\" ]\r\n',0,NULL,'2018-11-14 19:42:05'),
(184,'å­—å…¸æ•°æ®',1,'com.ruoyi.web.controller.system.SysDictDataController.addSave()',1,'admin','ç ”å‘éƒ¨é—¨','/system/dict/data/add','127.0.0.1','å†…ç½‘IP','{\r\n  \"dictLabel\" : [ \"é™é¢\" ],\r\n  \"dictValue\" : [ \"2\" ],\r\n  \"dictType\" : [ \"u_receipt_account_status\" ],\r\n  \"cssClass\" : [ \"\" ],\r\n  \"dictSort\" : [ \"3\" ],\r\n  \"listClass\" : [ \"danger\" ],\r\n  \"isDefault\" : [ \"Y\" ],\r\n  \"status\" : [ \"0\" ],\r\n  \"remark\" : [ \"\" ]\r\n}',0,NULL,'2018-11-14 19:42:35'),
(185,'èœå•ç®¡ç†',2,'com.ruoyi.web.controller.system.SysMenuController.editSave()',1,'admin','ç ”å‘éƒ¨é—¨','/system/menu/edit','127.0.0.1','å†…ç½‘IP','{\r\n  \"menuId\" : [ \"2010\" ],\r\n  \"parentId\" : [ \"1\" ],\r\n  \"menuType\" : [ \"C\" ],\r\n  \"menuName\" : [ \"æ”¶æ¬¾è´¦å·\" ],\r\n  \"url\" : [ \"/system/receiptAccounts\" ],\r\n  \"perms\" : [ \"system:receiptAccounts:view\" ],\r\n  \"orderNum\" : [ \"1\" ],\r\n  \"icon\" : [ \"#\" ],\r\n  \"visible\" ',0,NULL,'2018-11-14 19:46:16'),
(186,'èœå•ç®¡ç†',2,'com.ruoyi.web.controller.system.SysMenuController.editSave()',1,'admin','ç ”å‘éƒ¨é—¨','/system/menu/edit','127.0.0.1','å†…ç½‘IP','{\r\n  \"menuId\" : [ \"2010\" ],\r\n  \"parentId\" : [ \"1\" ],\r\n  \"menuType\" : [ \"C\" ],\r\n  \"menuName\" : [ \"æ”¶æ¬¾è´¦å·\" ],\r\n  \"url\" : [ \"/system/receiptAccounts\" ],\r\n  \"perms\" : [ \"system:receiptAccounts:view\" ],\r\n  \"orderNum\" : [ \"2\" ],\r\n  \"icon\" : [ \"#\" ],\r\n  \"visible\" ',0,NULL,'2018-11-14 19:46:40'),
(187,'å­—å…¸ç±»å‹',1,'com.ruoyi.web.controller.system.SysDictTypeController.addSave()',1,'admin','ç ”å‘éƒ¨é—¨','/system/dict/add','127.0.0.1','å†…ç½‘IP','{\r\n  \"dictName\" : [ \"æ”¶æ¬¾è´¦å·ç±»å‹\" ],\r\n  \"dictType\" : [ \"u_receipt_account_type\" ],\r\n  \"status\" : [ \"0\" ],\r\n  \"remark\" : [ \"æ”¶æ¬¾è´¦å·ç±»å‹\" ]\r\n}',0,NULL,'2018-11-14 19:49:08'),
(188,'å­—å…¸æ•°æ®',1,'com.ruoyi.web.controller.system.SysDictDataController.addSave()',1,'admin','ç ”å‘éƒ¨é—¨','/system/dict/data/add','127.0.0.1','å†…ç½‘IP','{\r\n  \"dictLabel\" : [ \"æ”¯ä»˜å®\" ],\r\n  \"dictValue\" : [ \"alipay\" ],\r\n  \"dictType\" : [ \"u_receipt_account_type\" ],\r\n  \"cssClass\" : [ \"\" ],\r\n  \"dictSort\" : [ \"1\" ],\r\n  \"listClass\" : [ \"info\" ],\r\n  \"isDefault\" : [ \"Y\" ],\r\n  \"status\" : [ \"0\" ],\r\n  \"remark\" : [ \"\" ]\r',0,NULL,'2018-11-14 19:50:40'),
(189,'å­—å…¸æ•°æ®',1,'com.ruoyi.web.controller.system.SysDictDataController.addSave()',1,'admin','ç ”å‘éƒ¨é—¨','/system/dict/data/add','127.0.0.1','å†…ç½‘IP','{\r\n  \"dictLabel\" : [ \"å¾®ä¿¡\" ],\r\n  \"dictValue\" : [ \"wechat\" ],\r\n  \"dictType\" : [ \"u_receipt_account_type\" ],\r\n  \"cssClass\" : [ \"\" ],\r\n  \"dictSort\" : [ \"2\" ],\r\n  \"listClass\" : [ \"info\" ],\r\n  \"isDefault\" : [ \"Y\" ],\r\n  \"status\" : [ \"0\" ],\r\n  \"remark\" : [ \"\" ]\r\n',0,NULL,'2018-11-14 19:50:58'),
(190,'å­—å…¸æ•°æ®',1,'com.ruoyi.web.controller.system.SysDictDataController.addSave()',1,'admin','ç ”å‘éƒ¨é—¨','/system/dict/data/add','127.0.0.1','å†…ç½‘IP','{\r\n  \"dictLabel\" : [ \"æ”¯ä»˜å®ä¸ªäºº\" ],\r\n  \"dictValue\" : [ \"alipay_sp\" ],\r\n  \"dictType\" : [ \"u_receipt_account_type\" ],\r\n  \"cssClass\" : [ \"\" ],\r\n  \"dictSort\" : [ \"3\" ],\r\n  \"listClass\" : [ \"info\" ],\r\n  \"isDefault\" : [ \"Y\" ],\r\n  \"status\" : [ \"0\" ],\r\n  \"remark\" : [ ',0,NULL,'2018-11-14 19:51:26'),
(191,'å­—å…¸æ•°æ®',1,'com.ruoyi.web.controller.system.SysDictDataController.addSave()',1,'admin','ç ”å‘éƒ¨é—¨','/system/dict/data/add','127.0.0.1','å†…ç½‘IP','{\r\n  \"dictLabel\" : [ \"å¾®ä¿¡ä¸ªäºº\" ],\r\n  \"dictValue\" : [ \"wechat_sp\" ],\r\n  \"dictType\" : [ \"u_receipt_account_type\" ],\r\n  \"cssClass\" : [ \"\" ],\r\n  \"dictSort\" : [ \"4\" ],\r\n  \"listClass\" : [ \"info\" ],\r\n  \"isDefault\" : [ \"Y\" ],\r\n  \"status\" : [ \"0\" ],\r\n  \"remark\" : [ \"',0,NULL,'2018-11-14 19:51:41'),
(192,'å­—å…¸ç±»å‹',1,'com.ruoyi.web.controller.system.SysDictTypeController.addSave()',1,'admin','ç ”å‘éƒ¨é—¨','/system/dict/add','127.0.0.1','å†…ç½‘IP','{\r\n  \"dictName\" : [ \"æ”¯ä»˜ç±»å‹\" ],\r\n  \"dictType\" : [ \"u_payment_type\" ],\r\n  \"status\" : [ \"0\" ],\r\n  \"remark\" : [ \"æ”¯ä»˜ç±»å‹\" ]\r\n}',0,NULL,'2018-11-14 19:53:50'),
(193,'å­—å…¸æ•°æ®',1,'com.ruoyi.web.controller.system.SysDictDataController.addSave()',1,'admin','ç ”å‘éƒ¨é—¨','/system/dict/data/add','127.0.0.1','å†…ç½‘IP','{\r\n  \"dictLabel\" : [ \"æ”¯ä»˜å®æ‰«ç \" ],\r\n  \"dictValue\" : [ \"alipay_qr\" ],\r\n  \"dictType\" : [ \"u_payment_type\" ],\r\n  \"cssClass\" : [ \"\" ],\r\n  \"dictSort\" : [ \"1\" ],\r\n  \"listClass\" : [ \"info\" ],\r\n  \"isDefault\" : [ \"Y\" ],\r\n  \"status\" : [ \"0\" ],\r\n  \"remark\" : [ \"\" ]\r\n}',0,NULL,'2018-11-14 19:54:13'),
(194,'å­—å…¸æ•°æ®',1,'com.ruoyi.web.controller.system.SysDictDataController.addSave()',1,'admin','ç ”å‘éƒ¨é—¨','/system/dict/data/add','127.0.0.1','å†…ç½‘IP','{\r\n  \"dictLabel\" : [ \"æ”¯ä»˜å®APP\" ],\r\n  \"dictValue\" : [ \"alipay_app\" ],\r\n  \"dictType\" : [ \"u_payment_type\" ],\r\n  \"cssClass\" : [ \"\" ],\r\n  \"dictSort\" : [ \"2\" ],\r\n  \"listClass\" : [ \"info\" ],\r\n  \"isDefault\" : [ \"Y\" ],\r\n  \"status\" : [ \"0\" ],\r\n  \"remark\" : [ \"\" ]\r\n',0,NULL,'2018-11-14 19:54:30'),
(195,'å­—å…¸æ•°æ®',1,'com.ruoyi.web.controller.system.SysDictDataController.addSave()',1,'admin','ç ”å‘éƒ¨é—¨','/system/dict/data/add','127.0.0.1','å†…ç½‘IP','{\r\n  \"dictLabel\" : [ \"å¾®ä¿¡æ‰«ç \" ],\r\n  \"dictValue\" : [ \"wechat_qr\" ],\r\n  \"dictType\" : [ \"u_payment_type\" ],\r\n  \"cssClass\" : [ \"\" ],\r\n  \"dictSort\" : [ \"3\" ],\r\n  \"listClass\" : [ \"info\" ],\r\n  \"isDefault\" : [ \"Y\" ],\r\n  \"status\" : [ \"0\" ],\r\n  \"remark\" : [ \"\" ]\r\n}',0,NULL,'2018-11-14 19:54:48'),
(196,'å­—å…¸æ•°æ®',1,'com.ruoyi.web.controller.system.SysDictDataController.addSave()',1,'admin','ç ”å‘éƒ¨é—¨','/system/dict/data/add','127.0.0.1','å†…ç½‘IP','{\r\n  \"dictLabel\" : [ \"å¾®ä¿¡APP\" ],\r\n  \"dictValue\" : [ \"wechat_app\" ],\r\n  \"dictType\" : [ \"u_payment_type\" ],\r\n  \"cssClass\" : [ \"\" ],\r\n  \"dictSort\" : [ \"4\" ],\r\n  \"listClass\" : [ \"info\" ],\r\n  \"isDefault\" : [ \"Y\" ],\r\n  \"status\" : [ \"0\" ],\r\n  \"remark\" : [ \"\" ]\r\n}',0,NULL,'2018-11-14 19:55:07'),
(197,'å­—å…¸æ•°æ®',1,'com.ruoyi.web.controller.system.SysDictDataController.addSave()',1,'admin','ç ”å‘éƒ¨é—¨','/system/dict/data/add','127.0.0.1','å†…ç½‘IP','{\r\n  \"dictLabel\" : [ \"ç‰¹åˆ«å¾®ä¿¡æ‰«ç \" ],\r\n  \"dictValue\" : [ \"wechat_qr_sp\" ],\r\n  \"dictType\" : [ \"u_payment_type\" ],\r\n  \"cssClass\" : [ \"\" ],\r\n  \"dictSort\" : [ \"5\" ],\r\n  \"listClass\" : [ \"info\" ],\r\n  \"isDefault\" : [ \"Y\" ],\r\n  \"status\" : [ \"0\" ],\r\n  \"remark\" : [ \"\" ]',0,NULL,'2018-11-14 19:56:16'),
(198,'æ”¶æ¬¾è´¦å·',1,'com.ruoyi.web.controller.system.ReceiptAccountsController.addSave()',1,'admin','ç ”å‘éƒ¨é—¨','/system/receiptAccounts/add','127.0.0.1','å†…ç½‘IP','{\r\n  \"receiptAccount\" : [ \"13611112222\" ],\r\n  \"receiptPhone\" : [ \"13611112222\" ],\r\n  \"receiptType\" : [ \"alipay\" ],\r\n  \"paymentType\" : [ \"alipay_qr\" ],\r\n  \"receiptGateway\" : [ \"http://localhost:8080/gateway\" ],\r\n  \"accountPubKey\" : [ \"123456\" ],\r\n  \"accoun',1,'\r\n### Error updating database.  Cause: java.sql.SQLException: Field \'create_by\' doesn\'t have a default value\r\n### The error may involve com.ruoyi.system.mapper.ReceiptAccountsMapper.insertReceiptAccounts-Inline\r\n### The error occurred while setting parameters\r\n### SQL: insert into t_receipt_accounts    ( receipt_account,    receipt_type,    payment_type,    receipt_gateway,    account_pub_key,    account_prv_key,                    remark,    third_pub_key,    account_flag,    daily_limit,        third_account_id,    receipt_phone )           values ( ?,    ?,    ?,    ?,    ?,    ?,                    ?,    ?,    ?,    ?,        ?,    ? )\r\n### Cause: java.sql.SQLException: Field \'create_by\' doesn\'t have a default value\n; ]; Field \'create_by\' doesn\'t have a default value; nested exception is java.sql.SQLException: Field \'create_by\' doesn\'t have a default value','2018-11-14 20:30:56'),
(199,'æ”¶æ¬¾è´¦å·',1,'com.ruoyi.web.controller.system.ReceiptAccountsController.addSave()',1,'admin',NULL,'/system/receiptAccounts/add','127.0.0.1','å†…ç½‘IP','{\r\n  \"receiptAccount\" : [ \"13611112222\" ],\r\n  \"receiptPhone\" : [ \"13611112222\" ],\r\n  \"receiptType\" : [ \"alipay\" ],\r\n  \"paymentType\" : [ \"alipay_qr\" ],\r\n  \"receiptGateway\" : [ \"http://localhost:8080/gateway\" ],\r\n  \"accountPubKey\" : [ \"123456\" ],\r\n  \"accoun',0,NULL,'2018-11-14 20:33:52'),
(200,'å­—å…¸æ•°æ®',2,'com.ruoyi.web.controller.system.SysDictDataController.editSave()',1,'admin',NULL,'/system/dict/data/edit','127.0.0.1','å†…ç½‘IP','{\r\n  \"dictCode\" : [ \"110\" ],\r\n  \"dictLabel\" : [ \"æ”¯ä»˜å®æ‰«ç \" ],\r\n  \"dictValue\" : [ \"alipay_qr\" ],\r\n  \"dictType\" : [ \"u_payment_type\" ],\r\n  \"cssClass\" : [ \"\" ],\r\n  \"dictSort\" : [ \"1\" ],\r\n  \"listClass\" : [ \"success\" ],\r\n  \"isDefault\" : [ \"Y\" ],\r\n  \"status\" : [ \"',0,NULL,'2018-11-14 20:38:55'),
(201,'å­—å…¸æ•°æ®',2,'com.ruoyi.web.controller.system.SysDictDataController.editSave()',1,'admin',NULL,'/system/dict/data/edit','127.0.0.1','å†…ç½‘IP','{\r\n  \"dictCode\" : [ \"110\" ],\r\n  \"dictLabel\" : [ \"æ”¯ä»˜å®æ‰«ç \" ],\r\n  \"dictValue\" : [ \"alipay_qr\" ],\r\n  \"dictType\" : [ \"u_payment_type\" ],\r\n  \"cssClass\" : [ \"\" ],\r\n  \"dictSort\" : [ \"1\" ],\r\n  \"listClass\" : [ \"primary\" ],\r\n  \"isDefault\" : [ \"Y\" ],\r\n  \"status\" : [ \"',0,NULL,'2018-11-14 20:39:37'),
(202,'å­—å…¸æ•°æ®',2,'com.ruoyi.web.controller.system.SysDictDataController.editSave()',1,'admin',NULL,'/system/dict/data/edit','127.0.0.1','å†…ç½‘IP','{\r\n  \"dictCode\" : [ \"110\" ],\r\n  \"dictLabel\" : [ \"æ”¯ä»˜å®æ‰«ç \" ],\r\n  \"dictValue\" : [ \"alipay_qr\" ],\r\n  \"dictType\" : [ \"u_payment_type\" ],\r\n  \"cssClass\" : [ \"\" ],\r\n  \"dictSort\" : [ \"1\" ],\r\n  \"listClass\" : [ \"success\" ],\r\n  \"isDefault\" : [ \"Y\" ],\r\n  \"status\" : [ \"',0,NULL,'2018-11-14 20:40:08'),
(203,'å­—å…¸æ•°æ®',2,'com.ruoyi.web.controller.system.SysDictDataController.editSave()',1,'admin',NULL,'/system/dict/data/edit','127.0.0.1','å†…ç½‘IP','{\r\n  \"dictCode\" : [ \"106\" ],\r\n  \"dictLabel\" : [ \"æ”¯ä»˜å®\" ],\r\n  \"dictValue\" : [ \"alipay\" ],\r\n  \"dictType\" : [ \"u_receipt_account_type\" ],\r\n  \"cssClass\" : [ \"\" ],\r\n  \"dictSort\" : [ \"1\" ],\r\n  \"listClass\" : [ \"primary\" ],\r\n  \"isDefault\" : [ \"Y\" ],\r\n  \"status\" : ',0,NULL,'2018-11-14 20:40:18'),
(204,'å­—å…¸æ•°æ®',2,'com.ruoyi.web.controller.system.SysDictDataController.editSave()',1,'admin',NULL,'/system/dict/data/edit','127.0.0.1','å†…ç½‘IP','{\r\n  \"dictCode\" : [ \"106\" ],\r\n  \"dictLabel\" : [ \"æ”¯ä»˜å®\" ],\r\n  \"dictValue\" : [ \"alipay\" ],\r\n  \"dictType\" : [ \"u_receipt_account_type\" ],\r\n  \"cssClass\" : [ \"\" ],\r\n  \"dictSort\" : [ \"1\" ],\r\n  \"listClass\" : [ \"primary\" ],\r\n  \"isDefault\" : [ \"N\" ],\r\n  \"status\" : ',0,NULL,'2018-11-14 20:40:51'),
(205,'å­—å…¸æ•°æ®',2,'com.ruoyi.web.controller.system.SysDictDataController.editSave()',1,'admin',NULL,'/system/dict/data/edit','127.0.0.1','å†…ç½‘IP','{\r\n  \"dictCode\" : [ \"106\" ],\r\n  \"dictLabel\" : [ \"æ”¯ä»˜å®\" ],\r\n  \"dictValue\" : [ \"alipay\" ],\r\n  \"dictType\" : [ \"u_receipt_account_type\" ],\r\n  \"cssClass\" : [ \"\" ],\r\n  \"dictSort\" : [ \"1\" ],\r\n  \"listClass\" : [ \"primary\" ],\r\n  \"isDefault\" : [ \"Y\" ],\r\n  \"status\" : ',0,NULL,'2018-11-14 20:41:06'),
(206,'å­—å…¸æ•°æ®',2,'com.ruoyi.web.controller.system.SysDictDataController.editSave()',1,'admin',NULL,'/system/dict/data/edit','127.0.0.1','å†…ç½‘IP','{\r\n  \"dictCode\" : [ \"107\" ],\r\n  \"dictLabel\" : [ \"å¾®ä¿¡\" ],\r\n  \"dictValue\" : [ \"wechat\" ],\r\n  \"dictType\" : [ \"u_receipt_account_type\" ],\r\n  \"cssClass\" : [ \"\" ],\r\n  \"dictSort\" : [ \"2\" ],\r\n  \"listClass\" : [ \"primary\" ],\r\n  \"isDefault\" : [ \"Y\" ],\r\n  \"status\" : [',0,NULL,'2018-11-14 20:41:22'),
(207,'å­—å…¸æ•°æ®',2,'com.ruoyi.web.controller.system.SysDictDataController.editSave()',1,'admin',NULL,'/system/dict/data/edit','127.0.0.1','å†…ç½‘IP','{\r\n  \"dictCode\" : [ \"108\" ],\r\n  \"dictLabel\" : [ \"æ”¯ä»˜å®ä¸ªäºº\" ],\r\n  \"dictValue\" : [ \"alipay_sp\" ],\r\n  \"dictType\" : [ \"u_receipt_account_type\" ],\r\n  \"cssClass\" : [ \"\" ],\r\n  \"dictSort\" : [ \"3\" ],\r\n  \"listClass\" : [ \"primary\" ],\r\n  \"isDefault\" : [ \"Y\" ],\r\n  \"statu',0,NULL,'2018-11-14 20:41:26'),
(208,'å­—å…¸æ•°æ®',2,'com.ruoyi.web.controller.system.SysDictDataController.editSave()',1,'admin',NULL,'/system/dict/data/edit','127.0.0.1','å†…ç½‘IP','{\r\n  \"dictCode\" : [ \"109\" ],\r\n  \"dictLabel\" : [ \"å¾®ä¿¡ä¸ªäºº\" ],\r\n  \"dictValue\" : [ \"wechat_sp\" ],\r\n  \"dictType\" : [ \"u_receipt_account_type\" ],\r\n  \"cssClass\" : [ \"\" ],\r\n  \"dictSort\" : [ \"4\" ],\r\n  \"listClass\" : [ \"primary\" ],\r\n  \"isDefault\" : [ \"Y\" ],\r\n  \"status',0,NULL,'2018-11-14 20:41:30'),
(209,'å­—å…¸æ•°æ®',2,'com.ruoyi.web.controller.system.SysDictDataController.editSave()',1,'admin',NULL,'/system/dict/data/edit','127.0.0.1','å†…ç½‘IP','{\r\n  \"dictCode\" : [ \"106\" ],\r\n  \"dictLabel\" : [ \"æ”¯ä»˜å®\" ],\r\n  \"dictValue\" : [ \"alipay\" ],\r\n  \"dictType\" : [ \"u_receipt_account_type\" ],\r\n  \"cssClass\" : [ \"\" ],\r\n  \"dictSort\" : [ \"1\" ],\r\n  \"listClass\" : [ \"success\" ],\r\n  \"isDefault\" : [ \"Y\" ],\r\n  \"status\" : ',0,NULL,'2018-11-14 20:41:44'),
(210,'å­—å…¸æ•°æ®',2,'com.ruoyi.web.controller.system.SysDictDataController.editSave()',1,'admin',NULL,'/system/dict/data/edit','127.0.0.1','å†…ç½‘IP','{\r\n  \"dictCode\" : [ \"107\" ],\r\n  \"dictLabel\" : [ \"å¾®ä¿¡\" ],\r\n  \"dictValue\" : [ \"wechat\" ],\r\n  \"dictType\" : [ \"u_receipt_account_type\" ],\r\n  \"cssClass\" : [ \"\" ],\r\n  \"dictSort\" : [ \"2\" ],\r\n  \"listClass\" : [ \"success\" ],\r\n  \"isDefault\" : [ \"Y\" ],\r\n  \"status\" : [',0,NULL,'2018-11-14 20:41:48'),
(211,'å­—å…¸æ•°æ®',2,'com.ruoyi.web.controller.system.SysDictDataController.editSave()',1,'admin',NULL,'/system/dict/data/edit','127.0.0.1','å†…ç½‘IP','{\r\n  \"dictCode\" : [ \"108\" ],\r\n  \"dictLabel\" : [ \"æ”¯ä»˜å®ä¸ªäºº\" ],\r\n  \"dictValue\" : [ \"alipay_sp\" ],\r\n  \"dictType\" : [ \"u_receipt_account_type\" ],\r\n  \"cssClass\" : [ \"\" ],\r\n  \"dictSort\" : [ \"3\" ],\r\n  \"listClass\" : [ \"success\" ],\r\n  \"isDefault\" : [ \"Y\" ],\r\n  \"statu',0,NULL,'2018-11-14 20:41:52'),
(212,'å­—å…¸æ•°æ®',2,'com.ruoyi.web.controller.system.SysDictDataController.editSave()',1,'admin',NULL,'/system/dict/data/edit','127.0.0.1','å†…ç½‘IP','{\r\n  \"dictCode\" : [ \"109\" ],\r\n  \"dictLabel\" : [ \"å¾®ä¿¡ä¸ªäºº\" ],\r\n  \"dictValue\" : [ \"wechat_sp\" ],\r\n  \"dictType\" : [ \"u_receipt_account_type\" ],\r\n  \"cssClass\" : [ \"\" ],\r\n  \"dictSort\" : [ \"4\" ],\r\n  \"listClass\" : [ \"success\" ],\r\n  \"isDefault\" : [ \"Y\" ],\r\n  \"status',0,NULL,'2018-11-14 20:41:56'),
(213,'å­—å…¸æ•°æ®',2,'com.ruoyi.web.controller.system.SysDictDataController.editSave()',1,'admin',NULL,'/system/dict/data/edit','127.0.0.1','å†…ç½‘IP','{\r\n  \"dictCode\" : [ \"110\" ],\r\n  \"dictLabel\" : [ \"æ”¯ä»˜å®æ‰«ç \" ],\r\n  \"dictValue\" : [ \"alipay_qr\" ],\r\n  \"dictType\" : [ \"u_payment_type\" ],\r\n  \"cssClass\" : [ \"\" ],\r\n  \"dictSort\" : [ \"1\" ],\r\n  \"listClass\" : [ \"info\" ],\r\n  \"isDefault\" : [ \"Y\" ],\r\n  \"status\" : [ \"0\" ',0,NULL,'2018-11-14 20:42:28'),
(214,'å­—å…¸æ•°æ®',2,'com.ruoyi.web.controller.system.SysDictDataController.editSave()',1,'admin',NULL,'/system/dict/data/edit','127.0.0.1','å†…ç½‘IP','{\r\n  \"dictCode\" : [ \"107\" ],\r\n  \"dictLabel\" : [ \"å¾®ä¿¡\" ],\r\n  \"dictValue\" : [ \"wechat\" ],\r\n  \"dictType\" : [ \"u_receipt_account_type\" ],\r\n  \"cssClass\" : [ \"\" ],\r\n  \"dictSort\" : [ \"2\" ],\r\n  \"listClass\" : [ \"info\" ],\r\n  \"isDefault\" : [ \"Y\" ],\r\n  \"status\" : [ \"0',0,NULL,'2018-11-14 20:42:52'),
(215,'å­—å…¸æ•°æ®',2,'com.ruoyi.web.controller.system.SysDictDataController.editSave()',1,'admin',NULL,'/system/dict/data/edit','127.0.0.1','å†…ç½‘IP','{\r\n  \"dictCode\" : [ \"106\" ],\r\n  \"dictLabel\" : [ \"æ”¯ä»˜å®\" ],\r\n  \"dictValue\" : [ \"alipay\" ],\r\n  \"dictType\" : [ \"u_receipt_account_type\" ],\r\n  \"cssClass\" : [ \"\" ],\r\n  \"dictSort\" : [ \"1\" ],\r\n  \"listClass\" : [ \"info\" ],\r\n  \"isDefault\" : [ \"Y\" ],\r\n  \"status\" : [ \"',0,NULL,'2018-11-14 20:42:55'),
(216,'å­—å…¸æ•°æ®',2,'com.ruoyi.web.controller.system.SysDictDataController.editSave()',1,'admin',NULL,'/system/dict/data/edit','127.0.0.1','å†…ç½‘IP','{\r\n  \"dictCode\" : [ \"108\" ],\r\n  \"dictLabel\" : [ \"æ”¯ä»˜å®ä¸ªäºº\" ],\r\n  \"dictValue\" : [ \"alipay_sp\" ],\r\n  \"dictType\" : [ \"u_receipt_account_type\" ],\r\n  \"cssClass\" : [ \"\" ],\r\n  \"dictSort\" : [ \"3\" ],\r\n  \"listClass\" : [ \"info\" ],\r\n  \"isDefault\" : [ \"Y\" ],\r\n  \"status\" ',0,NULL,'2018-11-14 20:42:59'),
(217,'å­—å…¸æ•°æ®',2,'com.ruoyi.web.controller.system.SysDictDataController.editSave()',1,'admin',NULL,'/system/dict/data/edit','127.0.0.1','å†…ç½‘IP','{\r\n  \"dictCode\" : [ \"109\" ],\r\n  \"dictLabel\" : [ \"å¾®ä¿¡ä¸ªäºº\" ],\r\n  \"dictValue\" : [ \"wechat_sp\" ],\r\n  \"dictType\" : [ \"u_receipt_account_type\" ],\r\n  \"cssClass\" : [ \"\" ],\r\n  \"dictSort\" : [ \"4\" ],\r\n  \"listClass\" : [ \"info\" ],\r\n  \"isDefault\" : [ \"Y\" ],\r\n  \"status\" :',0,NULL,'2018-11-14 20:43:02'),
(218,'æ”¶æ¬¾è´¦å·',2,'com.ruoyi.web.controller.system.ReceiptAccountsController.editSave()',1,'admin',NULL,'/system/receiptAccounts/edit','127.0.0.1','å†…ç½‘IP','{\r\n  \"receiptAccount\" : [ \"13611112222\" ],\r\n  \"receiptPhone\" : [ \"13611112222\" ],\r\n  \"receiptType\" : [ \"alipay\" ],\r\n  \"paymentType\" : [ \"alipay_qr\" ],\r\n  \"receiptGateway\" : [ \"http://localhost:8080/gateway\" ],\r\n  \"accountPubKey\" : [ \"123456\" ],\r\n  \"accoun',0,NULL,'2018-11-14 21:06:37'),
(219,'æ”¶æ¬¾è´¦å·',2,'com.ruoyi.web.controller.system.ReceiptAccountsController.editSave()',1,'admin',NULL,'/system/receiptAccounts/edit','127.0.0.1','å†…ç½‘IP','{\r\n  \"id\" : [ \"1\" ],\r\n  \"receiptAccount\" : [ \"13611112222\" ],\r\n  \"receiptPhone\" : [ \"13611112222\" ],\r\n  \"receiptType\" : [ \"alipay\" ],\r\n  \"paymentType\" : [ \"alipay_qr\" ],\r\n  \"receiptGateway\" : [ \"http://localhost:8080/gateway\" ],\r\n  \"accountPubKey\" : [ \"12',0,NULL,'2018-11-14 21:11:33'),
(220,'è§’è‰²ç®¡ç†',2,'com.ruoyi.web.controller.system.SysRoleController.editSave()',1,'admin',NULL,'/system/role/edit','127.0.0.1','å†…ç½‘IP','{\r\n  \"roleId\" : [ \"102\" ],\r\n  \"roleName\" : [ \"ç³»ç»Ÿç®¡ç†å‘˜\" ],\r\n  \"roleKey\" : [ \"system\" ],\r\n  \"roleSort\" : [ \"4\" ],\r\n  \"status\" : [ \"0\" ],\r\n  \"remark\" : [ \"ç³»ç»Ÿç®¡ç†å‘˜\" ],\r\n  \"menuIds\" : [ \"1,100,1000,1001,1002,1003,1004,1005,103,1015,1016,1017,1018,104,1019,1020,102',0,NULL,'2018-11-14 21:12:05'),
(221,'è§’è‰²ç®¡ç†',2,'com.ruoyi.web.controller.system.SysRoleController.editSave()',1,'admin','ç ”å‘éƒ¨é—¨','/system/role/edit','127.0.0.1','å†…ç½‘IP','{\r\n  \"roleId\" : [ \"102\" ],\r\n  \"roleName\" : [ \"ç³»ç»Ÿç®¡ç†å‘˜\" ],\r\n  \"roleKey\" : [ \"system\" ],\r\n  \"roleSort\" : [ \"4\" ],\r\n  \"status\" : [ \"0\" ],\r\n  \"remark\" : [ \"ç³»ç»Ÿç®¡ç†å‘˜\" ],\r\n  \"menuIds\" : [ \"1,100,1000,1001,1002,1004,1005,103,1015,1016,1017,104,1019,1020,1021,1023,107',0,NULL,'2018-11-14 21:13:28'),
(222,'è§’è‰²ç®¡ç†',2,'com.ruoyi.web.controller.system.SysRoleController.editSave()',1,'admin','ç ”å‘éƒ¨é—¨','/system/role/edit','127.0.0.1','å†…ç½‘IP','{\r\n  \"roleId\" : [ \"102\" ],\r\n  \"roleName\" : [ \"ç³»ç»Ÿç®¡ç†å‘˜\" ],\r\n  \"roleKey\" : [ \"system\" ],\r\n  \"roleSort\" : [ \"4\" ],\r\n  \"status\" : [ \"0\" ],\r\n  \"remark\" : [ \"ç³»ç»Ÿç®¡ç†å‘˜\" ],\r\n  \"menuIds\" : [ \"1,100,1000,1001,1002,1004,1005,103,1015,1016,1017,104,1019,1020,1021,1023,107',0,NULL,'2018-11-14 21:14:17'),
(223,'è§’è‰²ç®¡ç†',2,'com.ruoyi.web.controller.system.SysRoleController.editSave()',1,'admin','ç ”å‘éƒ¨é—¨','/system/role/edit','127.0.0.1','å†…ç½‘IP','{\r\n  \"roleId\" : [ \"102\" ],\r\n  \"roleName\" : [ \"ç³»ç»Ÿç®¡ç†å‘˜\" ],\r\n  \"roleKey\" : [ \"system\" ],\r\n  \"roleSort\" : [ \"4\" ],\r\n  \"status\" : [ \"0\" ],\r\n  \"remark\" : [ \"ç³»ç»Ÿç®¡ç†å‘˜\" ],\r\n  \"menuIds\" : [ \"1,100,1000,1001,1002,1004,1005,103,1015,1016,1017,104,1019,1020,1021,1023,107',0,NULL,'2018-11-14 21:15:15'),
(224,'è§’è‰²ç®¡ç†',2,'com.ruoyi.web.controller.system.SysRoleController.editSave()',1,'admin','ç ”å‘éƒ¨é—¨','/system/role/edit','127.0.0.1','å†…ç½‘IP','{\r\n  \"roleId\" : [ \"102\" ],\r\n  \"roleName\" : [ \"ç³»ç»Ÿç®¡ç†å‘˜\" ],\r\n  \"roleKey\" : [ \"system\" ],\r\n  \"roleSort\" : [ \"4\" ],\r\n  \"status\" : [ \"0\" ],\r\n  \"remark\" : [ \"ç³»ç»Ÿç®¡ç†å‘˜\" ],\r\n  \"menuIds\" : [ \"1,100,1000,1001,1002,1004,1005,103,1015,1016,1017,104,1019,1020,1021,1023,107',0,NULL,'2018-11-14 21:16:24'),
(225,'æ”¶æ¬¾è´¦å·',1,'com.ruoyi.web.controller.system.ReceiptAccountsController.addSave()',1,'admin','ç ”å‘éƒ¨é—¨','/system/receiptAccounts/add','127.0.0.1','å†…ç½‘IP','{\r\n  \"receiptAccount\" : [ \"13611112223\" ],\r\n  \"receiptPhone\" : [ \"13611112223\" ],\r\n  \"receiptType\" : [ \"wechat_sp\" ],\r\n  \"paymentType\" : [ \"wechat_qr\" ],\r\n  \"receiptGateway\" : [ \"http://localhost:8080/gateway\" ],\r\n  \"accountPubKey\" : [ \"123456\" ],\r\n  \"acc',0,NULL,'2018-11-14 21:22:33'),
(226,'æ”¶æ¬¾è´¦å·',1,'com.ruoyi.web.controller.system.ReceiptAccountsController.addSave()',1,'system','ç ”å‘éƒ¨é—¨','/system/receiptAccounts/add','127.0.0.1','å†…ç½‘IP','{\r\n  \"receiptAccount\" : [ \"13611112221\" ],\r\n  \"receiptPhone\" : [ \"13611112221\" ],\r\n  \"receiptType\" : [ \"wechat_sp\" ],\r\n  \"paymentType\" : [ \"wechat_qr\" ],\r\n  \"receiptGateway\" : [ \"http://localhost:8080/gateway\" ],\r\n  \"accountPubKey\" : [ \"123456\" ],\r\n  \"acc',0,NULL,'2018-11-14 21:23:13'),
(227,'ä»£ç ç”Ÿæˆ',8,'com.ruoyi.web.controller.tool.GenController.genCode()',1,'admin',NULL,'/tool/gen/genCode/t_merchant_receipts','127.0.0.1','å†…ç½‘IP','{ }',0,NULL,'2018-11-14 21:36:37'),
(228,'ç”¨æˆ·ç®¡ç†',2,'com.ruoyi.web.controller.system.SysUserController.editSave()',1,'admin',NULL,'/system/user/edit','127.0.0.1','å†…ç½‘IP','{\r\n  \"userId\" : [ \"1\" ],\r\n  \"deptId\" : [ \"103\" ],\r\n  \"userName\" : [ \"å°A\" ],\r\n  \"email\" : [ \"xx@163.com\" ],\r\n  \"phonenumber\" : [ \"15888888888\" ],\r\n  \"sex\" : [ \"1\" ],\r\n  \"status\" : [ \"0\" ],\r\n  \"roleIds\" : [ \"1\" ],\r\n  \"postIds\" : [ \"1\" ]\r\n}',0,NULL,'2018-11-14 21:37:37'),
(229,'ç”¨æˆ·ç®¡ç†',2,'com.ruoyi.web.controller.system.SysUserController.editSave()',1,'admin',NULL,'/system/user/edit','127.0.0.1','å†…ç½‘IP','{\r\n  \"userId\" : [ \"2\" ],\r\n  \"deptId\" : [ \"105\" ],\r\n  \"userName\" : [ \"å°B\" ],\r\n  \"email\" : [ \"xx@qq.com\" ],\r\n  \"phonenumber\" : [ \"15666666666\" ],\r\n  \"sex\" : [ \"1\" ],\r\n  \"status\" : [ \"1\" ],\r\n  \"roleIds\" : [ \"2\" ],\r\n  \"postIds\" : [ \"2\" ]\r\n}',0,NULL,'2018-11-14 21:37:53'),
(230,'éƒ¨é—¨ç®¡ç†',2,'com.ruoyi.web.controller.system.SysDeptController.editSave()',1,'admin','ç ”å‘éƒ¨é—¨','/system/dept/edit','127.0.0.1','å†…ç½‘IP','{\r\n  \"deptId\" : [ \"100\" ],\r\n  \"parentId\" : [ \"0\" ],\r\n  \"parentName\" : [ \"æ— \" ],\r\n  \"deptName\" : [ \"æ±‡ä¸°ç§‘æŠ€\" ],\r\n  \"orderNum\" : [ \"0\" ],\r\n  \"leader\" : [ \"å°A\" ],\r\n  \"phone\" : [ \"15888888888\" ],\r\n  \"email\" : [ \"xx@qq.com\" ],\r\n  \"status\" : [ \"0\" ]\r\n}',0,NULL,'2018-11-14 21:39:35'),
(231,'é€šçŸ¥å…¬å‘Š',2,'com.ruoyi.web.controller.system.SysNoticeController.editSave()',1,'admin','ç ”å‘éƒ¨é—¨','/system/notice/edit','127.0.0.1','å†…ç½‘IP','{\r\n  \"noticeId\" : [ \"1\" ],\r\n  \"noticeTitle\" : [ \"æ¸©é¦¨æé†’ï¼š2018-07-01 æ±‡ä¸°ç§‘æŠ€æ–°ç‰ˆæœ¬å‘å¸ƒå•¦\" ],\r\n  \"noticeType\" : [ \"2\" ],\r\n  \"noticeContent\" : [ \"æ–°ç‰ˆæœ¬å†…å®¹\" ],\r\n  \"status\" : [ \"0\" ]\r\n}',0,NULL,'2018-11-14 21:40:15'),
(232,'é€šçŸ¥å…¬å‘Š',2,'com.ruoyi.web.controller.system.SysNoticeController.editSave()',1,'admin','ç ”å‘éƒ¨é—¨','/system/notice/edit','127.0.0.1','å†…ç½‘IP','{\r\n  \"noticeId\" : [ \"2\" ],\r\n  \"noticeTitle\" : [ \"ç»´æŠ¤é€šçŸ¥ï¼š2018-07-01 æ±‡ä¸°ç§‘æŠ€ç³»ç»Ÿå‡Œæ™¨ç»´æŠ¤\" ],\r\n  \"noticeType\" : [ \"1\" ],\r\n  \"noticeContent\" : [ \"ç»´æŠ¤å†…å®¹\" ],\r\n  \"status\" : [ \"0\" ]\r\n}',0,NULL,'2018-11-14 21:40:24'),
(233,'èœå•ç®¡ç†',1,'com.ruoyi.web.controller.system.SysMenuController.addSave()',1,'admin',NULL,'/system/menu/add','127.0.0.1','å†…ç½‘IP','{\r\n  \"parentId\" : [ \"0\" ],\r\n  \"menuType\" : [ \"M\" ],\r\n  \"menuName\" : [ \"è¿è¥ç®¡ç†\" ],\r\n  \"url\" : [ \"\" ],\r\n  \"perms\" : [ \"\" ],\r\n  \"orderNum\" : [ \"2\" ],\r\n  \"icon\" : [ \"fa fa-balance-scale\" ],\r\n  \"visible\" : [ \"0\" ]\r\n}',0,NULL,'2018-11-14 21:54:16'),
(234,'èœå•ç®¡ç†',2,'com.ruoyi.web.controller.system.SysMenuController.editSave()',1,'admin',NULL,'/system/menu/edit','127.0.0.1','å†…ç½‘IP','{\r\n  \"menuId\" : [ \"3\" ],\r\n  \"parentId\" : [ \"0\" ],\r\n  \"menuType\" : [ \"M\" ],\r\n  \"menuName\" : [ \"ç³»ç»Ÿå·¥å…·\" ],\r\n  \"url\" : [ \"#\" ],\r\n  \"perms\" : [ \"\" ],\r\n  \"orderNum\" : [ \"4\" ],\r\n  \"icon\" : [ \"fa fa-bars\" ],\r\n  \"visible\" : [ \"0\" ]\r\n}',0,NULL,'2018-11-14 21:54:29'),
(235,'èœå•ç®¡ç†',2,'com.ruoyi.web.controller.system.SysMenuController.editSave()',1,'admin',NULL,'/system/menu/edit','127.0.0.1','å†…ç½‘IP','{\r\n  \"menuId\" : [ \"2\" ],\r\n  \"parentId\" : [ \"0\" ],\r\n  \"menuType\" : [ \"M\" ],\r\n  \"menuName\" : [ \"ç³»ç»Ÿç›‘æ§\" ],\r\n  \"url\" : [ \"#\" ],\r\n  \"perms\" : [ \"\" ],\r\n  \"orderNum\" : [ \"23\" ],\r\n  \"icon\" : [ \"fa fa-video-camera\" ],\r\n  \"visible\" : [ \"0\" ]\r\n}',0,NULL,'2018-11-14 21:54:34'),
(236,'èœå•ç®¡ç†',2,'com.ruoyi.web.controller.system.SysMenuController.editSave()',1,'admin',NULL,'/system/menu/edit','127.0.0.1','å†…ç½‘IP','{\r\n  \"menuId\" : [ \"2\" ],\r\n  \"parentId\" : [ \"0\" ],\r\n  \"menuType\" : [ \"M\" ],\r\n  \"menuName\" : [ \"ç³»ç»Ÿç›‘æ§\" ],\r\n  \"url\" : [ \"#\" ],\r\n  \"perms\" : [ \"\" ],\r\n  \"orderNum\" : [ \"3\" ],\r\n  \"icon\" : [ \"fa fa-video-camera\" ],\r\n  \"visible\" : [ \"0\" ]\r\n}',0,NULL,'2018-11-14 21:54:40'),
(237,'èœå•ç®¡ç†',2,'com.ruoyi.web.controller.system.SysMenuController.editSave()',1,'admin',NULL,'/system/menu/edit','127.0.0.1','å†…ç½‘IP','{\r\n  \"menuId\" : [ \"2005\" ],\r\n  \"parentId\" : [ \"2020\" ],\r\n  \"menuType\" : [ \"C\" ],\r\n  \"menuName\" : [ \"å•†æˆ·ä¿¡æ¯\" ],\r\n  \"url\" : [ \"/system/merchantInfo\" ],\r\n  \"perms\" : [ \"system:merchantInfo:view\" ],\r\n  \"orderNum\" : [ \"1\" ],\r\n  \"icon\" : [ \"#\" ],\r\n  \"visible\" : [',0,NULL,'2018-11-14 21:55:12'),
(238,'èœå•ç®¡ç†',2,'com.ruoyi.web.controller.system.SysMenuController.editSave()',1,'admin',NULL,'/system/menu/edit','127.0.0.1','å†…ç½‘IP','{\r\n  \"menuId\" : [ \"2010\" ],\r\n  \"parentId\" : [ \"2020\" ],\r\n  \"menuType\" : [ \"C\" ],\r\n  \"menuName\" : [ \"æ”¶æ¬¾è´¦å·\" ],\r\n  \"url\" : [ \"/system/receiptAccounts\" ],\r\n  \"perms\" : [ \"system:receiptAccounts:view\" ],\r\n  \"orderNum\" : [ \"2\" ],\r\n  \"icon\" : [ \"#\" ],\r\n  \"visibl',0,NULL,'2018-11-14 21:55:26'),
(239,'èœå•ç®¡ç†',2,'com.ruoyi.web.controller.system.SysMenuController.editSave()',1,'admin',NULL,'/system/menu/edit','127.0.0.1','å†…ç½‘IP','{\r\n  \"menuId\" : [ \"2021\" ],\r\n  \"parentId\" : [ \"2020\" ],\r\n  \"menuType\" : [ \"C\" ],\r\n  \"menuName\" : [ \"æ”¶æ¬¾è§„åˆ™\" ],\r\n  \"url\" : [ \"/om/merchantReceipts\" ],\r\n  \"perms\" : [ \"om:merchantReceipts:view\" ],\r\n  \"orderNum\" : [ \"1\" ],\r\n  \"icon\" : [ \"#\" ],\r\n  \"visible\" : [',0,NULL,'2018-11-14 21:57:35'),
(240,'èœå•ç®¡ç†',2,'com.ruoyi.web.controller.system.SysMenuController.editSave()',1,'admin',NULL,'/system/menu/edit','127.0.0.1','å†…ç½‘IP','{\r\n  \"menuId\" : [ \"2021\" ],\r\n  \"parentId\" : [ \"2020\" ],\r\n  \"menuType\" : [ \"C\" ],\r\n  \"menuName\" : [ \"æ”¶æ¬¾è§„åˆ™\" ],\r\n  \"url\" : [ \"/om/merchantReceipts\" ],\r\n  \"perms\" : [ \"om:merchantReceipts:view\" ],\r\n  \"orderNum\" : [ \"3\" ],\r\n  \"icon\" : [ \"#\" ],\r\n  \"visible\" : [',0,NULL,'2018-11-14 21:57:45'),
(241,'èœå•ç®¡ç†',2,'com.ruoyi.web.controller.system.SysMenuController.editSave()',1,'admin',NULL,'/system/menu/edit','127.0.0.1','å†…ç½‘IP','{\r\n  \"menuId\" : [ \"2005\" ],\r\n  \"parentId\" : [ \"2020\" ],\r\n  \"menuType\" : [ \"C\" ],\r\n  \"menuName\" : [ \"å•†æˆ·ä¿¡æ¯\" ],\r\n  \"url\" : [ \"/om/merchantInfo\" ],\r\n  \"perms\" : [ \"om:merchantInfo:view\" ],\r\n  \"orderNum\" : [ \"1\" ],\r\n  \"icon\" : [ \"#\" ],\r\n  \"visible\" : [ \"0\" ]\r\n',0,NULL,'2018-11-14 21:59:19'),
(242,'èœå•ç®¡ç†',2,'com.ruoyi.web.controller.system.SysMenuController.editSave()',1,'admin',NULL,'/system/menu/edit','127.0.0.1','å†…ç½‘IP','{\r\n  \"menuId\" : [ \"2006\" ],\r\n  \"parentId\" : [ \"2005\" ],\r\n  \"menuType\" : [ \"F\" ],\r\n  \"menuName\" : [ \"å•†æˆ·æŸ¥è¯¢\" ],\r\n  \"url\" : [ \"#\" ],\r\n  \"perms\" : [ \"om:merchantInfo:list\" ],\r\n  \"orderNum\" : [ \"1\" ],\r\n  \"icon\" : [ \"#\" ],\r\n  \"visible\" : [ \"0\" ]\r\n}',0,NULL,'2018-11-14 21:59:36'),
(243,'ç”¨æˆ·ç®¡ç†',1,'com.ruoyi.web.controller.system.SysUserController.addSave()',1,'admin','ç ”å‘éƒ¨é—¨','/system/user/add','127.0.0.1','å†…ç½‘IP','{\r\n  \"deptId\" : [ \"107\" ],\r\n  \"loginName\" : [ \"test4\" ],\r\n  \"userName\" : [ \"test4\" ],\r\n  \"password\" : [ \"111111\" ],\r\n  \"email\" : [ \"test4@1.1\" ],\r\n  \"phonenumber\" : [ \"13611112224\" ],\r\n  \"sex\" : [ \"1\" ],\r\n  \"status\" : [ \"0\" ],\r\n  \"roleIds\" : [ \"2\" ],\r\n  \"',0,NULL,'2018-11-14 22:10:19'),
(244,'ç”¨æˆ·ç®¡ç†',2,'com.ruoyi.web.controller.system.SysUserController.editSave()',1,'admin','ç ”å‘éƒ¨é—¨','/system/user/edit','127.0.0.1','å†…ç½‘IP','{\r\n  \"userId\" : [ \"106\" ],\r\n  \"deptId\" : [ \"107\" ],\r\n  \"userName\" : [ \"test4\" ],\r\n  \"email\" : [ \"test4@1.1\" ],\r\n  \"phonenumber\" : [ \"13611112224\" ],\r\n  \"sex\" : [ \"1\" ],\r\n  \"status\" : [ \"0\" ],\r\n  \"roleIds\" : [ \"100\" ],\r\n  \"postIds\" : [ \"4\" ]\r\n}',0,NULL,'2018-11-14 22:10:30'),
(245,'å•†æˆ·ä¿¡æ¯',1,'com.ruoyi.web.controller.om.MerchantInfoController.addSave()',1,'admin','ç ”å‘éƒ¨é—¨','/om/merchantInfo/add','127.0.0.1','å†…ç½‘IP','{\r\n  \"merchantNo\" : [ \"m10004\" ],\r\n  \"loginName\" : [ \"test4\" ],\r\n  \"userId\" : [ \"106\" ],\r\n  \"merchantKey\" : [ \"123456\" ],\r\n  \"merchatFeeRate\" : [ \"0.5\" ],\r\n  \"notifyUrl\" : [ \"notify.m10004.com\" ],\r\n  \"company\" : [ \"m10004\" ],\r\n  \"website\" : [ \"m10004.com\"',0,NULL,'2018-11-14 22:11:18'),
(246,'èœå•ç®¡ç†',2,'com.ruoyi.web.controller.system.SysMenuController.editSave()',1,'admin','ç ”å‘éƒ¨é—¨','/system/menu/edit','127.0.0.1','å†…ç½‘IP','{\r\n  \"menuId\" : [ \"2022\" ],\r\n  \"parentId\" : [ \"2021\" ],\r\n  \"menuType\" : [ \"F\" ],\r\n  \"menuName\" : [ \"æ”¶æ¬¾è§„åˆ™æŸ¥è¯¢\" ],\r\n  \"url\" : [ \"#\" ],\r\n  \"perms\" : [ \"om:merchantReceipts:list\" ],\r\n  \"orderNum\" : [ \"1\" ],\r\n  \"icon\" : [ \"#\" ],\r\n  \"visible\" : [ \"0\" ]\r\n}',0,NULL,'2018-11-14 22:13:55'),
(247,'èœå•ç®¡ç†',2,'com.ruoyi.web.controller.system.SysMenuController.editSave()',1,'admin','ç ”å‘éƒ¨é—¨','/system/menu/edit','127.0.0.1','å†…ç½‘IP','{\r\n  \"menuId\" : [ \"2023\" ],\r\n  \"parentId\" : [ \"2021\" ],\r\n  \"menuType\" : [ \"F\" ],\r\n  \"menuName\" : [ \"æ”¶æ¬¾è§„åˆ™æ–°å¢\" ],\r\n  \"url\" : [ \"#\" ],\r\n  \"perms\" : [ \"om:merchantReceipts:add\" ],\r\n  \"orderNum\" : [ \"2\" ],\r\n  \"icon\" : [ \"#\" ],\r\n  \"visible\" : [ \"0\" ]\r\n}',0,NULL,'2018-11-14 22:14:03'),
(248,'èœå•ç®¡ç†',2,'com.ruoyi.web.controller.system.SysMenuController.editSave()',1,'admin','ç ”å‘éƒ¨é—¨','/system/menu/edit','127.0.0.1','å†…ç½‘IP','{\r\n  \"menuId\" : [ \"2024\" ],\r\n  \"parentId\" : [ \"2021\" ],\r\n  \"menuType\" : [ \"F\" ],\r\n  \"menuName\" : [ \"æ”¶æ¬¾è§„åˆ™ä¿®æ”¹\" ],\r\n  \"url\" : [ \"#\" ],\r\n  \"perms\" : [ \"om:merchantReceipts:edit\" ],\r\n  \"orderNum\" : [ \"3\" ],\r\n  \"icon\" : [ \"#\" ],\r\n  \"visible\" : [ \"0\" ]\r\n}',0,NULL,'2018-11-14 22:14:09'),
(249,'èœå•ç®¡ç†',2,'com.ruoyi.web.controller.system.SysMenuController.editSave()',1,'admin','ç ”å‘éƒ¨é—¨','/system/menu/edit','127.0.0.1','å†…ç½‘IP','{\r\n  \"menuId\" : [ \"2025\" ],\r\n  \"parentId\" : [ \"2021\" ],\r\n  \"menuType\" : [ \"F\" ],\r\n  \"menuName\" : [ \"æ”¶æ¬¾è§„åˆ™åˆ é™¤\" ],\r\n  \"url\" : [ \"#\" ],\r\n  \"perms\" : [ \"om:merchantReceipts:remove\" ],\r\n  \"orderNum\" : [ \"4\" ],\r\n  \"icon\" : [ \"#\" ],\r\n  \"visible\" : [ \"0\" ]\r\n}',0,NULL,'2018-11-14 22:14:16'),
(250,'æ”¶æ¬¾è´¦å·è§„åˆ™',1,'com.ruoyi.web.controller.om.MerchantReceiptsController.addSave()',1,'admin','ç ”å‘éƒ¨é—¨','/om/merchantReceipts/add','127.0.0.1','å†…ç½‘IP','{\r\n  \"ids\" : [ \"1,2\" ]\r\n}',0,NULL,'2018-11-15 22:37:09'),
(251,'æ”¶æ¬¾è´¦å·è§„åˆ™',1,'com.ruoyi.web.controller.om.MerchantReceiptsController.addSave()',1,'admin','ç ”å‘éƒ¨é—¨','/om/merchantReceipts/add','127.0.0.1','å†…ç½‘IP','{\r\n  \"ids\" : [ \"2,3\" ]\r\n}',0,NULL,'2018-11-15 22:38:27'),
(252,'æ”¶æ¬¾è´¦å·è§„åˆ™',1,'com.ruoyi.web.controller.om.MerchantReceiptsController.addSave()',1,'admin','ç ”å‘éƒ¨é—¨','/om/merchantReceipts/add','127.0.0.1','å†…ç½‘IP','{\r\n  \"ids\" : [ \"1,2\" ],\r\n  \"merchantId\" : [ \"1\" ]\r\n}',1,'nested exception is org.apache.ibatis.binding.BindingException: Parameter \'array\' not found. Available parameters are [arg2, arg1, arg0, param3, param1, param2]','2018-11-15 22:39:13'),
(253,'æ”¶æ¬¾è´¦å·è§„åˆ™',1,'com.ruoyi.web.controller.om.MerchantReceiptsController.addSave()',1,'admin',NULL,'/om/merchantReceipts/add','127.0.0.1','å†…ç½‘IP','{\r\n  \"ids\" : [ \"1,2\" ],\r\n  \"merchantId\" : [ \"1\" ]\r\n}',1,'\r\n### Error updating database.  Cause: java.sql.SQLException: Column count doesn\'t match value count at row 1\r\n### The error may involve defaultParameterMap\r\n### The error occurred while setting parameters\r\n### SQL: insert into t_merchant_receipts(merchantInfoId, receiptAccountId, create_by, create_time)         values                      (              ?              ?,              ?,              sysdate()          )           ,           (              ?              ?,              ?,              sysdate()          )\r\n### Cause: java.sql.SQLException: Column count doesn\'t match value count at row 1\n; bad SQL grammar []; nested exception is java.sql.SQLException: Column count doesn\'t match value count at row 1','2018-11-15 22:40:49'),
(254,'æ”¶æ¬¾è´¦å·è§„åˆ™',1,'com.ruoyi.web.controller.om.MerchantReceiptsController.addSave()',1,'admin',NULL,'/om/merchantReceipts/add','127.0.0.1','å†…ç½‘IP','{\r\n  \"ids\" : [ \"1,2\" ],\r\n  \"merchantId\" : [ \"1\" ]\r\n}',1,'\r\n### Error updating database.  Cause: java.sql.SQLException: Column count doesn\'t match value count at row 1\r\n### The error may involve defaultParameterMap\r\n### The error occurred while setting parameters\r\n### SQL: insert into t_merchant_receipts(merchant_info_id, receipt_account_id, create_by, create_time)         values                      (              ?              ?,              ?,              sysdate()          )           ,           (              ?              ?,              ?,              sysdate()          )\r\n### Cause: java.sql.SQLException: Column count doesn\'t match value count at row 1\n; bad SQL grammar []; nested exception is java.sql.SQLException: Column count doesn\'t match value count at row 1','2018-11-15 22:42:51'),
(255,'æ”¶æ¬¾è´¦å·è§„åˆ™',1,'com.ruoyi.web.controller.om.MerchantReceiptsController.addSave()',1,'admin',NULL,'/om/merchantReceipts/add','127.0.0.1','å†…ç½‘IP','{\r\n  \"ids\" : [ \"1,2\" ],\r\n  \"merchantId\" : [ \"1\" ]\r\n}',0,NULL,'2018-11-15 22:44:11'),
(256,'æ”¶æ¬¾è´¦å·è§„åˆ™',1,'com.ruoyi.web.controller.om.MerchantReceiptsController.addSave()',1,'admin','ç ”å‘éƒ¨é—¨','/om/merchantReceipts/add','127.0.0.1','å†…ç½‘IP','{\r\n  \"ids\" : [ \"3\" ],\r\n  \"merchantId\" : [ \"1\" ]\r\n}',0,NULL,'2018-11-15 22:57:50'),
(257,'æ”¶æ¬¾è´¦å·è§„åˆ™',3,'com.ruoyi.web.controller.om.MerchantReceiptsController.remove()',1,'admin',NULL,'/om/merchantReceipts/remove','127.0.0.1','å†…ç½‘IP','{\r\n  \"ids\" : [ \"3\" ]\r\n}',0,NULL,'2018-11-15 23:43:14'),
(258,'æ”¶æ¬¾è´¦å·è§„åˆ™',3,'com.ruoyi.web.controller.om.MerchantReceiptsController.remove()',1,'admin',NULL,'/om/merchantReceipts/remove','127.0.0.1','å†…ç½‘IP','{\r\n  \"ids\" : [ \"1,2\" ]\r\n}',0,NULL,'2018-11-15 23:44:18'),
(259,'æ”¶æ¬¾è´¦å·è§„åˆ™',1,'com.ruoyi.web.controller.om.MerchantReceiptsController.addSave()',1,'admin',NULL,'/om/merchantReceipts/add','127.0.0.1','å†…ç½‘IP','{\r\n  \"ids\" : [ \"2,3\" ],\r\n  \"merchantId\" : [ \"1\" ]\r\n}',0,NULL,'2018-11-15 23:44:25'),
(260,'æ”¶æ¬¾è´¦å·è§„åˆ™',1,'com.ruoyi.web.controller.om.MerchantReceiptsController.addSave()',1,'admin',NULL,'/om/merchantReceipts/add','127.0.0.1','å†…ç½‘IP','{\r\n  \"ids\" : [ \"1\" ],\r\n  \"merchantId\" : [ \"1\" ]\r\n}',0,NULL,'2018-11-15 23:44:38'),
(261,'æ”¶æ¬¾è´¦å·è§„åˆ™',1,'com.ruoyi.web.controller.om.MerchantReceiptsController.addSave()',1,'admin',NULL,'/om/merchantReceipts/add','127.0.0.1','å†…ç½‘IP','{\r\n  \"ids\" : [ \"1,2,3\" ],\r\n  \"merchantId\" : [ \"4\" ]\r\n}',0,NULL,'2018-11-16 00:04:06'),
(262,'æ”¶æ¬¾è´¦å·è§„åˆ™',3,'com.ruoyi.web.controller.om.MerchantReceiptsController.remove()',1,'admin',NULL,'/om/merchantReceipts/remove','127.0.0.1','å†…ç½‘IP','{\r\n  \"ids\" : [ \"7\" ]\r\n}',0,NULL,'2018-11-16 00:04:14'),
(263,'æ”¶æ¬¾è´¦å·è§„åˆ™',3,'com.ruoyi.web.controller.om.MerchantReceiptsController.remove()',1,'admin',NULL,'/om/merchantReceipts/remove','127.0.0.1','å†…ç½‘IP','{\r\n  \"ids\" : [ \"6\" ]\r\n}',0,NULL,'2018-11-16 00:08:53'),
(264,'æ”¶æ¬¾è´¦å·è§„åˆ™',1,'com.ruoyi.web.controller.om.MerchantReceiptsController.addSave()',1,'admin',NULL,'/om/merchantReceipts/add','127.0.0.1','å†…ç½‘IP','{\r\n  \"ids\" : [ \"1\" ],\r\n  \"merchantId\" : [ \"1\" ]\r\n}',0,NULL,'2018-11-16 00:08:58'),
(265,'æ”¶æ¬¾è´¦å·è§„åˆ™',3,'com.ruoyi.web.controller.om.MerchantReceiptsController.remove()',1,'admin',NULL,'/om/merchantReceipts/remove','127.0.0.1','å†…ç½‘IP','{\r\n  \"ids\" : [ \"10\" ]\r\n}',0,NULL,'2018-11-16 00:12:48'),
(266,'æ”¶æ¬¾è´¦å·è§„åˆ™',1,'com.ruoyi.web.controller.om.MerchantReceiptsController.addSave()',1,'admin',NULL,'/om/merchantReceipts/add','127.0.0.1','å†…ç½‘IP','{\r\n  \"ids\" : [ \"1\" ],\r\n  \"merchantId\" : [ \"1\" ]\r\n}',0,NULL,'2018-11-16 00:12:52'),
(267,'æ”¶æ¬¾è´¦å·è§„åˆ™',3,'com.ruoyi.web.controller.om.MerchantReceiptsController.remove()',1,'admin',NULL,'/om/merchantReceipts/remove','127.0.0.1','å†…ç½‘IP','{\r\n  \"ids\" : [ \"11\" ]\r\n}',0,NULL,'2018-11-16 00:13:36'),
(268,'æ”¶æ¬¾è´¦å·è§„åˆ™',1,'com.ruoyi.web.controller.om.MerchantReceiptsController.addSave()',1,'admin',NULL,'/om/merchantReceipts/add','127.0.0.1','å†…ç½‘IP','{\r\n  \"ids\" : [ \"1\" ],\r\n  \"merchantId\" : [ \"1\" ]\r\n}',0,NULL,'2018-11-16 00:13:41'),
(269,'å•†æˆ·ä¿¡æ¯',2,'com.ruoyi.web.controller.om.MerchantInfoController.editSave()',1,'admin','ç ”å‘éƒ¨é—¨','/om/merchantInfo/edit','127.0.0.1','å†…ç½‘IP','{\r\n  \"id\" : [ \"4\" ],\r\n  \"merchantNo\" : [ \"m10002\" ],\r\n  \"loginName\" : [ \"test2\" ],\r\n  \"userId\" : [ \"102\" ],\r\n  \"merchantKey\" : [ \"123456\" ],\r\n  \"merchatFeeRate\" : [ \"0.500\" ],\r\n  \"notifyUrl\" : [ \"notify.m10002.com\" ],\r\n  \"company\" : [ \"m10002\" ],\r\n  \"webs',0,NULL,'2018-11-16 00:45:09'),
(270,'å•†æˆ·ä¿¡æ¯',2,'com.ruoyi.web.controller.om.MerchantInfoController.editSave()',1,'admin','ç ”å‘éƒ¨é—¨','/om/merchantInfo/edit','127.0.0.1','å†…ç½‘IP','{\r\n  \"id\" : [ \"5\" ],\r\n  \"merchantNo\" : [ \"m10003\" ],\r\n  \"loginName\" : [ \"test3\" ],\r\n  \"userId\" : [ \"103\" ],\r\n  \"merchantKey\" : [ \"123456\" ],\r\n  \"merchatFeeRate\" : [ \"0.600\" ],\r\n  \"notifyUrl\" : [ \"notify.m10003.com\" ],\r\n  \"company\" : [ \"m10003\" ],\r\n  \"webs',0,NULL,'2018-11-16 00:46:20'),
(271,'å•†æˆ·ä¿¡æ¯',2,'com.ruoyi.web.controller.om.MerchantInfoController.editSave()',1,'admin','ç ”å‘éƒ¨é—¨','/om/merchantInfo/edit','127.0.0.1','å†…ç½‘IP','{\r\n  \"id\" : [ \"5\" ],\r\n  \"merchantNo\" : [ \"m10003\" ],\r\n  \"loginName\" : [ \"test3\" ],\r\n  \"userId\" : [ \"103\" ],\r\n  \"merchantKey\" : [ \"123456\" ],\r\n  \"merchatFeeRate\" : [ \"0.600\" ],\r\n  \"notifyUrl\" : [ \"notify.m10003.com\" ],\r\n  \"company\" : [ \"m10003\" ],\r\n  \"webs',0,NULL,'2018-11-16 00:46:29'),
(272,'å•†æˆ·ä¿¡æ¯',2,'com.ruoyi.web.controller.om.MerchantInfoController.editSave()',1,'admin','ç ”å‘éƒ¨é—¨','/om/merchantInfo/edit','127.0.0.1','å†…ç½‘IP','{\r\n  \"id\" : [ \"4\" ],\r\n  \"merchantNo\" : [ \"m10002\" ],\r\n  \"loginName\" : [ \"test2\" ],\r\n  \"userId\" : [ \"102\" ],\r\n  \"merchantKey\" : [ \"123456\" ],\r\n  \"merchatFeeRate\" : [ \"0.500\" ],\r\n  \"notifyUrl\" : [ \"notify.m10002.com\" ],\r\n  \"company\" : [ \"m10002\" ],\r\n  \"webs',0,NULL,'2018-11-16 00:46:34'),
(273,'å•†æˆ·ä¿¡æ¯',2,'com.ruoyi.web.controller.om.MerchantInfoController.editSave()',1,'admin',NULL,'/om/merchantInfo/edit','127.0.0.1','å†…ç½‘IP','{\r\n  \"id\" : [ \"4\" ],\r\n  \"merchantNo\" : [ \"m10002\" ],\r\n  \"loginName\" : [ \"test2\" ],\r\n  \"userId\" : [ \"102\" ],\r\n  \"merchantKey\" : [ \"123456\" ],\r\n  \"merchatFeeRate\" : [ \"0.500\" ],\r\n  \"notifyUrl\" : [ \"notify.m10002.com\" ],\r\n  \"company\" : [ \"m10002\" ],\r\n  \"webs',0,NULL,'2018-11-16 01:03:39'),
(274,'è§’è‰²ç®¡ç†',2,'com.ruoyi.web.controller.system.SysRoleController.editSave()',1,'admin','ç ”å‘éƒ¨é—¨','/system/role/edit','127.0.0.1','å†…ç½‘IP','{\r\n  \"roleId\" : [ \"102\" ],\r\n  \"roleName\" : [ \"ç³»ç»Ÿç®¡ç†å‘˜\" ],\r\n  \"roleKey\" : [ \"system\" ],\r\n  \"roleSort\" : [ \"4\" ],\r\n  \"status\" : [ \"0\" ],\r\n  \"remark\" : [ \"ç³»ç»Ÿç®¡ç†å‘˜\" ],\r\n  \"menuIds\" : [ \"1,100,1000,1001,1002,1004,1005,103,1015,1016,1017,104,1019,1020,1021,1023,107',0,NULL,'2018-11-16 01:37:14'),
(275,'æ”¶æ¬¾è´¦å·è§„åˆ™',3,'com.ruoyi.web.controller.om.MerchantReceiptsController.remove()',1,'admin',NULL,'/om/merchantReceipts/remove','127.0.0.1','å†…ç½‘IP','{\r\n  \"ids\" : [ \"9\" ]\r\n}',0,NULL,'2018-11-16 01:42:28'),
(276,'æ”¶æ¬¾è´¦å·è§„åˆ™',1,'com.ruoyi.web.controller.om.MerchantReceiptsController.addSave()',1,'admin',NULL,'/om/merchantReceipts/add','127.0.0.1','å†…ç½‘IP','{\r\n  \"ids\" : [ \"1,3\" ],\r\n  \"merchantId\" : [ \"4\" ]\r\n}',0,NULL,'2018-11-16 01:42:34'),
(277,'æ”¶æ¬¾è´¦å·è§„åˆ™',3,'com.ruoyi.web.controller.om.MerchantReceiptsController.remove()',1,'admin',NULL,'/om/merchantReceipts/remove','127.0.0.1','å†…ç½‘IP','{\r\n  \"ids\" : [ \"14\" ]\r\n}',0,NULL,'2018-11-16 01:42:38'),
(278,'æ”¶æ¬¾è´¦å·è§„åˆ™',3,'com.ruoyi.web.controller.om.MerchantReceiptsController.remove()',1,'admin',NULL,'/om/merchantReceipts/remove','127.0.0.1','å†…ç½‘IP','{\r\n  \"ids\" : [ \"4,5\" ]\r\n}',0,NULL,'2018-11-16 01:43:03'),
(279,'æ”¶æ¬¾è´¦å·è§„åˆ™',1,'com.ruoyi.web.controller.om.MerchantReceiptsController.addSave()',1,'admin','ç ”å‘éƒ¨é—¨','/om/merchantReceipts/add','127.0.0.1','å†…ç½‘IP','{\r\n  \"ids\" : [ \"2\" ],\r\n  \"merchantId\" : [ \"1\" ]\r\n}',0,NULL,'2018-11-17 13:50:19'),
(280,'æ”¶æ¬¾è´¦å·è§„åˆ™',1,'com.ruoyi.web.controller.om.MerchantReceiptsController.addSave()',1,'admin','ç ”å‘éƒ¨é—¨','/om/merchantReceipts/add','127.0.0.1','å†…ç½‘IP','{\r\n  \"ids\" : [ \"3\" ],\r\n  \"merchantId\" : [ \"1\" ]\r\n}',0,NULL,'2018-11-17 13:50:33');

/*Table structure for table `sys_post` */

DROP TABLE IF EXISTS `sys_post`;

CREATE TABLE `sys_post` (
  `post_id` int(11) NOT NULL AUTO_INCREMENT COMMENT 'å²—ä½ID',
  `post_code` varchar(64) NOT NULL COMMENT 'å²—ä½ç¼–ç ',
  `post_name` varchar(50) NOT NULL COMMENT 'å²—ä½åç§°',
  `post_sort` int(4) NOT NULL COMMENT 'æ˜¾ç¤ºé¡ºåº',
  `status` char(1) NOT NULL COMMENT 'çŠ¶æ€ï¼ˆ0æ­£å¸¸ 1åœç”¨ï¼‰',
  `create_by` varchar(64) DEFAULT '' COMMENT 'åˆ›å»ºè€…',
  `create_time` datetime DEFAULT NULL COMMENT 'åˆ›å»ºæ—¶é—´',
  `update_by` varchar(64) DEFAULT '' COMMENT 'æ›´æ–°è€…',
  `update_time` datetime DEFAULT NULL COMMENT 'æ›´æ–°æ—¶é—´',
  `remark` varchar(500) DEFAULT '' COMMENT 'å¤‡æ³¨',
  PRIMARY KEY (`post_id`)
) ENGINE=InnoDB AUTO_INCREMENT=6 DEFAULT CHARSET=utf8 COMMENT='å²—ä½ä¿¡æ¯è¡¨';

/*Data for the table `sys_post` */

insert  into `sys_post`(`post_id`,`post_code`,`post_name`,`post_sort`,`status`,`create_by`,`create_time`,`update_by`,`update_time`,`remark`) values 
(1,'ceo','è‘£äº‹é•¿',1,'0','admin','2018-03-16 11:33:00','ry','2018-03-16 11:33:00',''),
(2,'se','é¡¹ç›®ç»ç†',2,'0','admin','2018-03-16 11:33:00','ry','2018-03-16 11:33:00',''),
(3,'hr','äººåŠ›èµ„æº',3,'0','admin','2018-03-16 11:33:00','admin','2018-11-11 22:24:34',''),
(4,'user','æ™®é€šå‘˜å·¥',4,'0','admin','2018-03-16 11:33:00','ry','2018-03-16 11:33:00',''),
(5,'merchant','å¤–éƒ¨è”ç³»äºº',99,'0','admin','2018-11-11 17:43:06','',NULL,'');

/*Table structure for table `sys_role` */

DROP TABLE IF EXISTS `sys_role`;

CREATE TABLE `sys_role` (
  `role_id` int(11) NOT NULL AUTO_INCREMENT COMMENT 'è§’è‰²ID',
  `role_name` varchar(30) NOT NULL COMMENT 'è§’è‰²åç§°',
  `role_key` varchar(100) NOT NULL COMMENT 'è§’è‰²æƒé™å­—ç¬¦ä¸²',
  `role_sort` int(4) NOT NULL COMMENT 'æ˜¾ç¤ºé¡ºåº',
  `data_scope` char(1) DEFAULT '1' COMMENT 'æ•°æ®èŒƒå›´ï¼ˆ1ï¼šå…¨éƒ¨æ•°æ®æƒé™ 2ï¼šè‡ªå®šæ•°æ®æƒé™ï¼‰',
  `status` char(1) NOT NULL COMMENT 'è§’è‰²çŠ¶æ€ï¼ˆ0æ­£å¸¸ 1åœç”¨ï¼‰',
  `del_flag` char(1) DEFAULT '0' COMMENT 'åˆ é™¤æ ‡å¿—ï¼ˆ0ä»£è¡¨å­˜åœ¨ 2ä»£è¡¨åˆ é™¤ï¼‰',
  `create_by` varchar(64) DEFAULT '' COMMENT 'åˆ›å»ºè€…',
  `create_time` datetime DEFAULT NULL COMMENT 'åˆ›å»ºæ—¶é—´',
  `update_by` varchar(64) DEFAULT '' COMMENT 'æ›´æ–°è€…',
  `update_time` datetime DEFAULT NULL COMMENT 'æ›´æ–°æ—¶é—´',
  `remark` varchar(500) DEFAULT '' COMMENT 'å¤‡æ³¨',
  PRIMARY KEY (`role_id`)
) ENGINE=InnoDB AUTO_INCREMENT=103 DEFAULT CHARSET=utf8 COMMENT='è§’è‰²ä¿¡æ¯è¡¨';

/*Data for the table `sys_role` */

insert  into `sys_role`(`role_id`,`role_name`,`role_key`,`role_sort`,`data_scope`,`status`,`del_flag`,`create_by`,`create_time`,`update_by`,`update_time`,`remark`) values 
(1,'è¶…çº§ç®¡ç†å‘˜','admin',1,'1','0','0','admin','2018-03-16 11:33:00','admin','2018-11-13 23:46:44','ç®¡ç†å‘˜'),
(2,'æ™®é€šè§’è‰²','common',2,'2','0','0','admin','2018-03-16 11:33:00','ry','2018-03-16 11:33:00','æ™®é€šè§’è‰²'),
(100,'è¿è¥å•†','merchant',3,'1','0','0','admin','2018-11-11 11:05:35','admin','2018-11-13 23:19:11',''),
(101,'ç³»ç»Ÿç®¡ç†','system-admin',4,'1','0','2','admin','2018-11-13 23:38:57','',NULL,'ç³»ç»Ÿç®¡ç†'),
(102,'ç³»ç»Ÿç®¡ç†å‘˜','system',4,'1','0','0','admin','2018-11-13 23:48:52','admin','2018-11-16 01:37:14','ç³»ç»Ÿç®¡ç†å‘˜');

/*Table structure for table `sys_role_dept` */

DROP TABLE IF EXISTS `sys_role_dept`;

CREATE TABLE `sys_role_dept` (
  `role_id` int(11) NOT NULL COMMENT 'è§’è‰²ID',
  `dept_id` int(11) NOT NULL COMMENT 'éƒ¨é—¨ID',
  PRIMARY KEY (`role_id`,`dept_id`)
) ENGINE=InnoDB DEFAULT CHARSET=utf8 COMMENT='è§’è‰²å’Œéƒ¨é—¨å…³è”è¡¨';

/*Data for the table `sys_role_dept` */

insert  into `sys_role_dept`(`role_id`,`dept_id`) values 
(2,100),
(2,101),
(2,105);

/*Table structure for table `sys_role_menu` */

DROP TABLE IF EXISTS `sys_role_menu`;

CREATE TABLE `sys_role_menu` (
  `role_id` int(11) NOT NULL COMMENT 'è§’è‰²ID',
  `menu_id` int(11) NOT NULL COMMENT 'èœå•ID',
  PRIMARY KEY (`role_id`,`menu_id`)
) ENGINE=InnoDB DEFAULT CHARSET=utf8 COMMENT='è§’è‰²å’Œèœå•å…³è”è¡¨';

/*Data for the table `sys_role_menu` */

insert  into `sys_role_menu`(`role_id`,`menu_id`) values 
(1,1),
(1,2),
(1,3),
(1,100),
(1,101),
(1,102),
(1,103),
(1,104),
(1,105),
(1,106),
(1,107),
(1,108),
(1,109),
(1,110),
(1,111),
(1,112),
(1,113),
(1,114),
(1,500),
(1,501),
(1,1000),
(1,1001),
(1,1002),
(1,1003),
(1,1004),
(1,1005),
(1,1006),
(1,1007),
(1,1008),
(1,1009),
(1,1010),
(1,1011),
(1,1012),
(1,1013),
(1,1014),
(1,1015),
(1,1016),
(1,1017),
(1,1018),
(1,1019),
(1,1020),
(1,1021),
(1,1022),
(1,1023),
(1,1024),
(1,1025),
(1,1026),
(1,1027),
(1,1028),
(1,1029),
(1,1030),
(1,1031),
(1,1032),
(1,1033),
(1,1034),
(1,1035),
(1,1036),
(1,1037),
(1,1038),
(1,1039),
(1,1040),
(1,1041),
(1,1042),
(1,1043),
(1,1044),
(1,1045),
(1,1046),
(1,1047),
(1,1048),
(1,1049),
(1,1050),
(1,1051),
(1,1052),
(1,1053),
(1,1054),
(1,1055),
(1,2005),
(1,2006),
(1,2007),
(1,2008),
(1,2009),
(2,1),
(2,2),
(2,3),
(2,100),
(2,101),
(2,102),
(2,103),
(2,104),
(2,105),
(2,106),
(2,107),
(2,108),
(2,109),
(2,110),
(2,111),
(2,112),
(2,113),
(2,114),
(2,500),
(2,501),
(2,1000),
(2,1001),
(2,1002),
(2,1003),
(2,1004),
(2,1005),
(2,1006),
(2,1007),
(2,1008),
(2,1009),
(2,1010),
(2,1011),
(2,1012),
(2,1013),
(2,1014),
(2,1015),
(2,1016),
(2,1017),
(2,1018),
(2,1019),
(2,1020),
(2,1021),
(2,1022),
(2,1023),
(2,1024),
(2,1025),
(2,1026),
(2,1027),
(2,1028),
(2,1029),
(2,1030),
(2,1031),
(2,1032),
(2,1033),
(2,1034),
(2,1035),
(2,1036),
(2,1037),
(2,1038),
(2,1039),
(2,1040),
(2,1041),
(2,1042),
(2,1043),
(2,1044),
(2,1045),
(2,1046),
(2,1047),
(2,1048),
(2,1049),
(2,1050),
(2,1051),
(2,1052),
(2,1053),
(2,1054),
(2,1055),
(100,1),
(100,2),
(100,109),
(100,110),
(100,111),
(100,1045),
(100,1046),
(100,1047),
(100,1048),
(100,1049),
(100,1050),
(100,1051),
(100,1052),
(100,1053),
(100,2005),
(100,2006),
(100,2007),
(100,2008),
(101,1),
(101,100),
(101,101),
(101,102),
(101,103),
(101,104),
(101,105),
(101,106),
(101,107),
(101,108),
(101,500),
(101,501),
(101,1000),
(101,1001),
(101,1002),
(101,1003),
(101,1004),
(101,1005),
(101,1006),
(101,1007),
(101,1008),
(101,1009),
(101,1010),
(101,1011),
(101,1012),
(101,1013),
(101,1014),
(101,1015),
(101,1016),
(101,1017),
(101,1018),
(101,1019),
(101,1020),
(101,1021),
(101,1022),
(101,1023),
(101,1024),
(101,1025),
(101,1026),
(101,1027),
(101,1028),
(101,1029),
(101,1030),
(101,1031),
(101,1032),
(101,1033),
(101,1034),
(101,1035),
(101,1036),
(101,1037),
(101,1038),
(101,1039),
(101,1040),
(101,1041),
(101,1042),
(101,1043),
(101,1044),
(101,2005),
(101,2006),
(101,2007),
(101,2008),
(101,2009),
(102,1),
(102,2),
(102,100),
(102,103),
(102,104),
(102,107),
(102,108),
(102,109),
(102,500),
(102,501),
(102,1000),
(102,1001),
(102,1002),
(102,1004),
(102,1005),
(102,1015),
(102,1016),
(102,1017),
(102,1019),
(102,1020),
(102,1021),
(102,1023),
(102,1034),
(102,1035),
(102,1036),
(102,1038),
(102,1040),
(102,1041),
(102,1042),
(102,1044),
(102,1045),
(102,1046),
(102,1047),
(102,2005),
(102,2006),
(102,2007),
(102,2008),
(102,2010),
(102,2011),
(102,2012),
(102,2013);

/*Table structure for table `sys_user` */

DROP TABLE IF EXISTS `sys_user`;

CREATE TABLE `sys_user` (
  `user_id` int(11) NOT NULL AUTO_INCREMENT COMMENT 'ç”¨æˆ·ID',
  `dept_id` int(11) DEFAULT NULL COMMENT 'éƒ¨é—¨ID',
  `login_name` varchar(30) NOT NULL COMMENT 'ç™»å½•è´¦å·',
  `user_name` varchar(30) NOT NULL COMMENT 'ç”¨æˆ·æ˜µç§°',
  `user_type` varchar(2) DEFAULT '00' COMMENT 'ç”¨æˆ·ç±»å‹ï¼ˆ00ç³»ç»Ÿç”¨æˆ·ï¼‰',
  `email` varchar(50) DEFAULT '' COMMENT 'ç”¨æˆ·é‚®ç®±',
  `phonenumber` varchar(11) DEFAULT '' COMMENT 'æ‰‹æœºå·ç ',
  `sex` char(1) DEFAULT '0' COMMENT 'ç”¨æˆ·æ€§åˆ«ï¼ˆ0ç”· 1å¥³ 2æœªçŸ¥ï¼‰',
  `avatar` varchar(100) DEFAULT '' COMMENT 'å¤´åƒè·¯å¾„',
  `password` varchar(50) DEFAULT '' COMMENT 'å¯†ç ',
  `salt` varchar(20) DEFAULT '' COMMENT 'ç›åŠ å¯†',
  `status` char(1) DEFAULT '0' COMMENT 'å¸å·çŠ¶æ€ï¼ˆ0æ­£å¸¸ 1åœç”¨ï¼‰',
  `del_flag` char(1) DEFAULT '0' COMMENT 'åˆ é™¤æ ‡å¿—ï¼ˆ0ä»£è¡¨å­˜åœ¨ 2ä»£è¡¨åˆ é™¤ï¼‰',
  `login_ip` varchar(20) DEFAULT '' COMMENT 'æœ€åç™»é™†IP',
  `login_date` datetime DEFAULT NULL COMMENT 'æœ€åç™»é™†æ—¶é—´',
  `create_by` varchar(64) DEFAULT '' COMMENT 'åˆ›å»ºè€…',
  `create_time` datetime DEFAULT NULL COMMENT 'åˆ›å»ºæ—¶é—´',
  `update_by` varchar(64) DEFAULT '' COMMENT 'æ›´æ–°è€…',
  `update_time` datetime DEFAULT NULL COMMENT 'æ›´æ–°æ—¶é—´',
  `remark` varchar(500) DEFAULT '' COMMENT 'å¤‡æ³¨',
  PRIMARY KEY (`user_id`)
) ENGINE=InnoDB AUTO_INCREMENT=107 DEFAULT CHARSET=utf8 COMMENT='ç”¨æˆ·ä¿¡æ¯è¡¨';

/*Data for the table `sys_user` */

insert  into `sys_user`(`user_id`,`dept_id`,`login_name`,`user_name`,`user_type`,`email`,`phonenumber`,`sex`,`avatar`,`password`,`salt`,`status`,`del_flag`,`login_ip`,`login_date`,`create_by`,`create_time`,`update_by`,`update_time`,`remark`) values 
(1,103,'admin','å°A','00','ry@163.com','15888888888','1','','29c67a30398638269fe600f73a054934','111111','0','0','127.0.0.1','2018-11-17 13:47:37','admin','2018-03-16 11:33:00','ry','2018-11-17 13:47:37','ç®¡ç†å‘˜'),
(2,105,'ry','å°B','00','xx@qq.com','15666666666','1','','8e6d98b90472783cc73c17047ddccf36','222222','1','0','127.0.0.1','2018-03-16 11:33:00','admin','2018-03-16 11:33:00','admin','2018-11-14 21:37:53','æµ‹è¯•å‘˜'),
(100,200,'test','test','00','test@1.1','13666666666','0','','8b4633eef1e139ee173db72c9c6586ee','993cf9','0','0','127.0.0.1','2018-11-13 23:41:20','admin','2018-11-11 11:04:47','om','2018-11-13 23:41:20',''),
(101,200,'test1','test1','00','test1@1.1','13666666661','0','','85928b63c5f82c9d79475e07d8a13ec8','bd3795','0','2','',NULL,'admin','2018-11-13 23:21:06','',NULL,''),
(102,200,'test2','test2','00','test2@1.1','13666666662','0','','81d77bc4380ed53af24f2335acc34f5a','f94f40','0','0','',NULL,'admin','2018-11-13 23:27:59','',NULL,''),
(103,200,'test3','test3','00','test3@1.1','13666666663','0','','9087b608515764251edc76aa02c4cdf4','538f6a','0','0','',NULL,'admin','2018-11-13 23:31:23','',NULL,''),
(104,104,'om','om','00','om@1.1','13611112222','0','','6144dca4042b64883a53710fb9d18dc3','d55fa7','0','0','127.0.0.1','2018-11-13 23:45:28','admin','2018-11-13 23:36:12','admin','2018-11-13 23:49:18',''),
(105,103,'system','system','00','system@1.1','13611112221','0','','0a00d0c9b7e3f7e560fea0cad89c7275','99552e','0','0','127.0.0.1','2018-11-14 21:22:49','admin','2018-11-13 23:50:02','','2018-11-14 21:22:49',''),
(106,107,'test4','test4','00','test4@1.1','13611112224','1','','995c945d38bc99a1f2dd53d33661b734','fd627f','0','0','',NULL,'admin','2018-11-14 22:10:19','admin','2018-11-14 22:10:30','');

/*Table structure for table `sys_user_online` */

DROP TABLE IF EXISTS `sys_user_online`;

CREATE TABLE `sys_user_online` (
  `sessionId` varchar(50) NOT NULL DEFAULT '' COMMENT 'ç”¨æˆ·ä¼šè¯id',
  `login_name` varchar(50) DEFAULT '' COMMENT 'ç™»å½•è´¦å·',
  `dept_name` varchar(50) DEFAULT '' COMMENT 'éƒ¨é—¨åç§°',
  `ipaddr` varchar(50) DEFAULT '' COMMENT 'ç™»å½•IPåœ°å€',
  `login_location` varchar(255) DEFAULT '' COMMENT 'ç™»å½•åœ°ç‚¹',
  `browser` varchar(50) DEFAULT '' COMMENT 'æµè§ˆå™¨ç±»å‹',
  `os` varchar(50) DEFAULT '' COMMENT 'æ“ä½œç³»ç»Ÿ',
  `status` varchar(10) DEFAULT '' COMMENT 'åœ¨çº¿çŠ¶æ€on_lineåœ¨çº¿off_lineç¦»çº¿',
  `start_timestamp` datetime DEFAULT NULL COMMENT 'sessionåˆ›å»ºæ—¶é—´',
  `last_access_time` datetime DEFAULT NULL COMMENT 'sessionæœ€åè®¿é—®æ—¶é—´',
  `expire_time` int(5) DEFAULT '0' COMMENT 'è¶…æ—¶æ—¶é—´ï¼Œå•ä½ä¸ºåˆ†é’Ÿ',
  PRIMARY KEY (`sessionId`)
) ENGINE=InnoDB DEFAULT CHARSET=utf8 COMMENT='åœ¨çº¿ç”¨æˆ·è®°å½•';

/*Data for the table `sys_user_online` */

insert  into `sys_user_online`(`sessionId`,`login_name`,`dept_name`,`ipaddr`,`login_location`,`browser`,`os`,`status`,`start_timestamp`,`last_access_time`,`expire_time`) values 
('f0ece4d6-5ccb-4152-881e-47089e178e52','admin','ç ”å‘éƒ¨é—¨','127.0.0.1','å†…ç½‘IP','Chrome','Windows 10','on_line','2018-11-17 13:47:27','2018-11-17 13:50:21',1800000);

/*Table structure for table `sys_user_post` */

DROP TABLE IF EXISTS `sys_user_post`;

CREATE TABLE `sys_user_post` (
  `user_id` int(11) NOT NULL COMMENT 'ç”¨æˆ·ID',
  `post_id` int(11) NOT NULL COMMENT 'å²—ä½ID',
  PRIMARY KEY (`user_id`,`post_id`)
) ENGINE=InnoDB DEFAULT CHARSET=utf8 COMMENT='ç”¨æˆ·ä¸å²—ä½å…³è”è¡¨';

/*Data for the table `sys_user_post` */

insert  into `sys_user_post`(`user_id`,`post_id`) values 
(1,1),
(2,2),
(100,5),
(101,5),
(102,5),
(103,5),
(104,4),
(105,4),
(106,4);

/*Table structure for table `sys_user_role` */

DROP TABLE IF EXISTS `sys_user_role`;

CREATE TABLE `sys_user_role` (
  `user_id` int(11) NOT NULL COMMENT 'ç”¨æˆ·ID',
  `role_id` int(11) NOT NULL COMMENT 'è§’è‰²ID',
  PRIMARY KEY (`user_id`,`role_id`)
) ENGINE=InnoDB DEFAULT CHARSET=utf8 COMMENT='ç”¨æˆ·å’Œè§’è‰²å…³è”è¡¨';

/*Data for the table `sys_user_role` */

insert  into `sys_user_role`(`user_id`,`role_id`) values 
(1,1),
(2,2),
(100,1),
(101,100),
(102,100),
(103,100),
(104,2),
(105,102),
(106,100);

/*Table structure for table `t_merchant_info` */

DROP TABLE IF EXISTS `t_merchant_info`;

CREATE TABLE `t_merchant_info` (
  `id` int(11) NOT NULL AUTO_INCREMENT COMMENT 'è¡¨idï¼Œè‡ªå¢',
  `merchant_no` varchar(30) COLLATE utf8_bin NOT NULL COMMENT 'å•†æˆ·å·',
  `merchant_key` varchar(255) COLLATE utf8_bin NOT NULL COMMENT 'å•†æˆ·key',
  `merchat_fee_rate` decimal(10,3) NOT NULL COMMENT 'å•†æˆ·è´¹ç‡ï¼ˆæ¯è®¢å•ï¼Œç™¾åˆ†æ•°ï¼‰',
  `company` varchar(255) COLLATE utf8_bin DEFAULT NULL COMMENT 'å…¬å¸åç§°',
  `website` varchar(255) COLLATE utf8_bin DEFAULT NULL COMMENT 'å…¬å¸ç½‘ç«™',
  `create_by` varchar(64) COLLATE utf8_bin NOT NULL COMMENT 'åˆ›å»ºäºº',
  `create_time` datetime NOT NULL COMMENT 'åˆ›å»ºæ—¶é—´',
  `update_by` varchar(64) COLLATE utf8_bin DEFAULT NULL COMMENT 'æ›´æ–°äºº',
  `update_time` datetime DEFAULT NULL COMMENT 'æ›´æ–°æ—¶é—´',
  `remark` varchar(255) COLLATE utf8_bin DEFAULT NULL COMMENT 'å¤‡æ³¨',
  `merchat_flag` smallint(6) NOT NULL COMMENT 'å•†æˆ·å·çŠ¶æ€:\n            0ï¼šç¦ç”¨\n            1ï¼šæ­£å¸¸\n            2ï¼šæ¬ è´¹',
  `notify_url` varchar(255) COLLATE utf8_bin DEFAULT NULL COMMENT 'å•†æˆ·è®¢å•é€šçŸ¥åœ°å€',
  `user_id` int(11) NOT NULL COMMENT 'ç”¨æˆ·ID',
  `login_name` varchar(30) COLLATE utf8_bin NOT NULL COMMENT 'ç™»é™†åç§°',
  PRIMARY KEY (`id`),
  UNIQUE KEY `UDX_MERCHANT_INFO_NO` (`merchant_no`)
) ENGINE=InnoDB AUTO_INCREMENT=7 DEFAULT CHARSET=utf8 COLLATE=utf8_bin COMMENT='å•†æˆ·ä¿¡æ¯è¡¨';

/*Data for the table `t_merchant_info` */

insert  into `t_merchant_info`(`id`,`merchant_no`,`merchant_key`,`merchat_fee_rate`,`company`,`website`,`create_by`,`create_time`,`update_by`,`update_time`,`remark`,`merchat_flag`,`notify_url`,`user_id`,`login_name`) values 
(1,'m10001','123456',0.600,'m10001','m10001.com','admin','2018-11-13 20:51:24','admin','2018-11-13 23:10:54','ä¸€ä¸ªå¤‡æ³¨',1,'notify.m10001.com',100,'test'),
(4,'m10002','123456',0.500,'m10002','m10002.com','admin','2018-11-13 23:30:34','admin','2018-11-16 01:03:38','ä¸€ä¸ªå¤‡æ³¨',1,'notify.m10002.com',102,'test2'),
(5,'m10003','123456',0.600,'m10003','m10003.com','admin','2018-11-14 00:59:17','admin','2018-11-16 00:46:29','ä¸€ä¸ªå¤‡æ³¨',1,'notify.m10003.com',103,'test3'),
(6,'m10004','123456',0.500,'m10004','m10004.com','admin','2018-11-14 22:11:18',NULL,NULL,'ä¸€ä¸ªå¤‡æ³¨',1,'notify.m10004.com',106,'test4');

/*Table structure for table `t_merchant_receipts` */

DROP TABLE IF EXISTS `t_merchant_receipts`;

CREATE TABLE `t_merchant_receipts` (
  `id` int(11) NOT NULL AUTO_INCREMENT COMMENT 'è¡¨IDï¼Œè‡ªå¢',
  `merchant_info_id` int(11) NOT NULL COMMENT 'å•†æˆ·è¡¨ID',
  `receipt_account_id` int(11) NOT NULL COMMENT 'æ”¶æ¬¾è´¦å·è¡¨ID',
  `create_by` varchar(64) COLLATE utf8_bin NOT NULL COMMENT 'åˆ›å»ºäºº',
  `create_time` datetime NOT NULL,
  PRIMARY KEY (`id`)
) ENGINE=InnoDB AUTO_INCREMENT=17 DEFAULT CHARSET=utf8 COLLATE=utf8_bin COMMENT='æ”¶æ¬¾è´¦å·è§„åˆ™è¡¨';

/*Data for the table `t_merchant_receipts` */

insert  into `t_merchant_receipts`(`id`,`merchant_info_id`,`receipt_account_id`,`create_by`,`create_time`) values 
(8,4,2,'admin','2018-11-16 00:04:06'),
(12,1,1,'admin','2018-11-16 00:13:41'),
(13,4,1,'admin','2018-11-16 01:42:34'),
(15,1,2,'admin','2018-11-17 13:50:19'),
(16,1,3,'admin','2018-11-17 13:50:33');

/*Table structure for table `t_orders` */

DROP TABLE IF EXISTS `t_orders`;

CREATE TABLE `t_orders` (
  `id` varchar(50) COLLATE utf8_bin NOT NULL COMMENT 'è¡¨id',
  `merchant_no` varchar(30) COLLATE utf8_bin NOT NULL COMMENT 'å•†æˆ·å·',
  `merchant_order_id` varchar(80) COLLATE utf8_bin NOT NULL COMMENT 'å•†æˆ·æ–¹è®¢å•å·',
  `order_id` varchar(80) COLLATE utf8_bin NOT NULL COMMENT 'ç³»ç»Ÿæµæ°´å·',
  `order_amount` decimal(10,2) NOT NULL COMMENT 'è®¢å•é‡‘é¢ï¼Œå•ä½å…ƒ',
  `receipt_amount` decimal(10,2) DEFAULT NULL COMMENT 'å·²å……å€¼é‡‘é¢ï¼Œå•ä½å…ƒ',
  `order_flag` int(4) NOT NULL COMMENT 'è®¢å•çŠ¶æ€ï¼š\n            2ï¼šæ”¯ä»˜é‡‘é¢ä¸è¶³\n            1ï¼šæˆåŠŸ\n            0ï¼šç­‰å¾…',
  `receipt_order_id` varchar(80) COLLATE utf8_bin DEFAULT NULL COMMENT 'ç¬¬ä¸‰æ–¹æµæ°´å·',
  `receipt_id` int(11) DEFAULT NULL COMMENT 'æ”¶æ¬¾è´¦å·è®°å½•ID',
  `payment_type` varchar(50) COLLATE utf8_bin NOT NULL COMMENT 'æ”¯ä»˜ç±»å‹ï¼š\n            alipay_qrï¼šæ”¯ä»˜å®æ‰«ç \n            alipay_appï¼šæ”¯ä»˜å®app\n            wechat_qrï¼šå¾®ä¿¡æ‰«ç \n            wechat_appï¼šå¾®ä¿¡app\n            wechat_qr_spï¼šç‰¹åˆ«å¾®ä¿¡æ‰«ç ',
  `create_time` datetime NOT NULL COMMENT 'åˆ›å»ºæ—¶é—´',
  `update_time` datetime DEFAULT NULL COMMENT 'æ›´æ–°æ—¶é—´',
  `create_by` varchar(64) COLLATE utf8_bin NOT NULL COMMENT 'åˆ›å»ºäºº',
  `update_by` varchar(64) COLLATE utf8_bin DEFAULT NULL COMMENT 'æ›´æ–°äºº',
  `notify_count` int(4) NOT NULL DEFAULT '0' COMMENT 'é€šçŸ¥æ¬¡æ•°',
  `notify_flag` int(4) DEFAULT NULL COMMENT 'é€šçŸ¥å•†æˆ·æ ‡è¯†ï¼š\n            2ï¼šé€šçŸ¥å¤±è´¥\n            1ï¼šå·²é€šçŸ¥ï¼ˆå•†æˆ·è¿”å›æˆåŠŸï¼‰\n            0ï¼šç­‰å¾…',
  `notify_time` datetime DEFAULT NULL COMMENT 'é€šçŸ¥å•†æˆ·æ—¶é—´',
  `notify_result` varchar(255) COLLATE utf8_bin DEFAULT NULL COMMENT 'å•†æˆ·å¯¹é€šçŸ¥çš„è¿”å›',
  `payid_time` datetime DEFAULT NULL COMMENT 'ç”¨æˆ·æ”¯ä»˜ç¡®è®¤å›è°ƒæ—¶é—´(æ”¯ä»˜å®ç­‰)',
  `remark` varchar(255) COLLATE utf8_bin DEFAULT NULL COMMENT 'å¤‡æ³¨',
  `merchat_fee_rate` decimal(10,3) NOT NULL COMMENT 'å•†æˆ·è´¹ç‡',
  `order_fee` decimal(10,2) NOT NULL COMMENT 'è®¢å•æ‰‹ç»­è´¹',
  `notify_url` varchar(255) COLLATE utf8_bin NOT NULL COMMENT 'é€šçŸ¥å•†æˆ·åœ°å€',
  `settlement_flag` int(4) DEFAULT NULL COMMENT 'è®¢å•ç»“ç®—çŠ¶æ€\n            2ï¼šæ ‡è®°å¼‚å¸¸\n            1ï¼šå·²ç»ç»“ç®—\n            0ï¼šæœªç»“ç®—',
  PRIMARY KEY (`id`),
  KEY `IDX_ORDER_MERCHANT_NO` (`merchant_no`),
  KEY `IDX_ORDER_MERCHANT_ORDER_ID` (`merchant_order_id`),
  KEY `IDX_ORDER_ORDER_ID` (`order_id`),
  KEY `IDX_ORDER_3RD_ORDER_ID` (`receipt_order_id`)
) ENGINE=InnoDB DEFAULT CHARSET=utf8 COLLATE=utf8_bin COMMENT='è®¢å•ä¿¡æ¯è¡¨';

/*Data for the table `t_orders` */

/*Table structure for table `t_receipt_accounts` */

DROP TABLE IF EXISTS `t_receipt_accounts`;

CREATE TABLE `t_receipt_accounts` (
  `id` int(11) NOT NULL AUTO_INCREMENT COMMENT 'è¡¨idï¼Œè‡ªå¢',
  `receipt_account` varchar(80) COLLATE utf8_bin NOT NULL COMMENT 'æ”¶æ¬¾è´¦å·',
  `receipt_type` varchar(50) COLLATE utf8_bin NOT NULL COMMENT 'æ”¶æ¬¾è´¦å·ç±»å‹ï¼š\n            alipayï¼šæ”¯ä»˜å®\n            wechatï¼šå¾®ä¿¡\n            alipay_spï¼šæ”¯ä»˜å®ä¸ªäºº\n            wechat_spï¼šå¾®ä¿¡ä¸ªäºº\n            ',
  `payment_type` char(10) COLLATE utf8_bin DEFAULT NULL COMMENT 'æ”¯ä»˜ç±»å‹\n            alipay_qrï¼šæ”¯ä»˜å®æ‰«ç \n            alipay_appï¼šæ”¯ä»˜å®app\n            wechat_qrï¼šå¾®ä¿¡æ‰«ç \n            wechat_appï¼šå¾®ä¿¡app\n            wechat_qr_spï¼šç‰¹åˆ«å¾®ä¿¡æ‰«ç ',
  `receipt_gateway` varchar(255) COLLATE utf8_bin DEFAULT NULL COMMENT 'æ”¶æ¬¾ç½‘å…³',
  `account_pub_key` varchar(2500) COLLATE utf8_bin DEFAULT NULL COMMENT 'è´¦å·å…¬é’¥',
  `account_prv_key` varchar(2500) COLLATE utf8_bin DEFAULT NULL COMMENT 'è´¦å·ç§é’¥',
  `create_by` varchar(64) COLLATE utf8_bin NOT NULL COMMENT 'åˆ›å»ºäºº',
  `create_time` datetime NOT NULL COMMENT 'åˆ›å»ºæ—¶é—´',
  `update_by` varchar(64) COLLATE utf8_bin DEFAULT NULL COMMENT 'æ›´æ–°äºº',
  `update_time` datetime DEFAULT NULL COMMENT 'æ›´æ–°æ—¶é—´',
  `remark` varchar(255) COLLATE utf8_bin DEFAULT NULL COMMENT 'å¤‡æ³¨',
  `third_pub_key` varchar(2500) COLLATE utf8_bin DEFAULT NULL COMMENT 'ç¬¬ä¸‰æ–¹å…¬é’¥',
  `account_flag` int(4) NOT NULL COMMENT 'è´¦å·çŠ¶æ€ï¼š\n            1ï¼šå¯ç”¨ï¼›\n            0ï¼šåœç”¨ï¼›\n            -1ï¼šæ—¥æµé‡é™é¢å…³é—­',
  `daily_limit` decimal(12,3) NOT NULL COMMENT 'è´¦å·æ¯æ—¥é™æµ',
  `daily_traffic` decimal(12,3) DEFAULT '0.000' COMMENT 'è´¦å·æ¯æ—¥æµé‡',
  `third_account_id` varchar(50) COLLATE utf8_bin DEFAULT NULL COMMENT 'ç¬¬ä¸‰æ–¹Id',
  `receipt_phone` varchar(20) COLLATE utf8_bin NOT NULL COMMENT 'æ”¶æ¬¾è´¦å·æ‰‹æœºå·ç ',
  `receipt_notify_url` varchar(255) COLLATE utf8_bin DEFAULT NULL COMMENT 'æ”¶æ¬¾è´¦å·æ”¯ä»˜é€šçŸ¥åœ°å€',
  PRIMARY KEY (`id`),
  UNIQUE KEY `UDX_RECEIPT_ACC_ACCOUNT` (`receipt_account`)
) ENGINE=InnoDB AUTO_INCREMENT=4 DEFAULT CHARSET=utf8 COLLATE=utf8_bin COMMENT='æ”¶æ¬¾è´¦å·è¡¨';

/*Data for the table `t_receipt_accounts` */

insert  into `t_receipt_accounts`(`id`,`receipt_account`,`receipt_type`,`payment_type`,`receipt_gateway`,`account_pub_key`,`account_prv_key`,`create_by`,`create_time`,`update_by`,`update_time`,`remark`,`third_pub_key`,`account_flag`,`daily_limit`,`daily_traffic`,`third_account_id`,`receipt_phone`,`receipt_notify_url`) values 
(1,'13611112222','alipay','alipay_qr','http://localhost:8080/gateway','123456','123456','admin','2018-11-14 20:33:52','admin','2018-11-14 21:11:33','ä¸€ä¸ªå¤‡æ³¨','123456',1,50000.000,0.000,'13611112222','13611112222',NULL),
(2,'13611112223','wechat_sp','wechat_qr','http://localhost:8080/gateway','123456','123456','admin','2018-11-14 21:22:33',NULL,NULL,'ä¸€ä¸ªå¤‡æ³¨','123456',1,50000.000,0.000,'13611112223','13611112223',NULL),
(3,'13611112221','wechat_sp','wechat_qr','http://localhost:8080/gateway','123456','123456','system','2018-11-14 21:23:13',NULL,NULL,'ä¸€ä¸ªå¤‡æ³¨','123456',1,50000.000,0.000,'13611112221','13611112221',NULL);

/*!40101 SET SQL_MODE=@OLD_SQL_MODE */;
/*!40014 SET FOREIGN_KEY_CHECKS=@OLD_FOREIGN_KEY_CHECKS */;
/*!40014 SET UNIQUE_CHECKS=@OLD_UNIQUE_CHECKS */;
/*!40111 SET SQL_NOTES=@OLD_SQL_NOTES */;
